product_id,date,quantity,revenue,category
P1,2021-01-01,7,2396.08,Eletrônicos
P2,2021-01-01,7,2411.35,Eletrônicos
P3,2021-01-01,3,1160.13,Roupas
P4,2021-01-01,10,1328.75,Roupas
P5,2021-01-01,18,4233.54,Livros
P6,2021-01-01,2,181.01,Móveis
P7,2021-01-01,24,9086.33,Eletrônicos
P8,2021-01-01,30,8683.4,Roupas
P9,2021-01-01,9,3054.63,Livros
P10,2021-01-01,26,5471.15,Móveis
P1,2021-01-02,23,10766.17,Eletrônicos
P2,2021-01-02,32,11773.03,Eletrônicos
P3,2021-01-02,34,11730.83,Roupas
P4,2021-01-02,17,1141.74,Roupas
P5,2021-01-02,13,1076.61,Livros
P6,2021-01-02,9,2451.77,Móveis
P7,2021-01-02,2,624.64,Eletrônicos
P8,2021-01-02,2,849.53,Roupas
P9,2021-01-02,27,8698.63,Livros
P10,2021-01-02,6,2499.99,Móveis
P1,2021-01-03,22,6414.65,Eletrônicos
P2,2021-01-03,10,957.78,Eletrônicos
P3,2021-01-03,4,550.4,Roupas
P4,2021-01-03,25,3530.13,Roupas
P5,2021-01-03,13,2147.94,Livros
P6,2021-01-03,13,1596.76,Móveis
P7,2021-01-03,8,2434.65,Eletrônicos
P8,2021-01-03,10,3761.08,Roupas
P9,2021-01-03,24,11314.46,Livros
P10,2021-01-03,4,205.75,Móveis
P1,2021-01-04,1,99.77,Eletrônicos
P2,2021-01-04,5,889.65,Eletrônicos
P3,2021-01-04,3,1431.64,Roupas
P4,2021-01-04,4,551.65,Roupas
P5,2021-01-04,5,375.92,Livros
P6,2021-01-04,11,1457.52,Móveis
P7,2021-01-04,4,436.81,Eletrônicos
P8,2021-01-04,1,123.52,Roupas
P9,2021-01-04,11,2741.47,Livros
P10,2021-01-04,20,3627.45,Móveis
P1,2021-01-05,16,5102.99,Eletrônicos
P2,2021-01-05,17,5828.7,Eletrônicos
P3,2021-01-05,4,776.37,Roupas
P4,2021-01-05,25,2289.99,Roupas
P5,2021-01-05,3,322.23,Livros
P6,2021-01-05,12,1245.64,Móveis
P7,2021-01-05,12,5241.43,Eletrônicos
P8,2021-01-05,17,4904.6,Roupas
P9,2021-01-05,3,1095.8,Livros
P10,2021-01-05,2,773.1,Móveis
P1,2021-01-06,3,473.77,Eletrônicos
P2,2021-01-06,18,8126.74,Eletrônicos
P3,2021-01-06,16,1808.41,Roupas
P4,2021-01-06,13,1127.51,Roupas
P5,2021-01-06,13,6252.48,Livros
P6,2021-01-06,6,658.95,Móveis
P7,2021-01-06,1,171.3,Eletrônicos
P8,2021-01-06,2,674.91,Roupas
P9,2021-01-06,3,1457.99,Livros
P10,2021-01-06,1,252.33,Móveis
P1,2021-01-07,5,1460.66,Eletrônicos
P2,2021-01-07,17,1945.41,Eletrônicos
P3,2021-01-07,22,2598.73,Roupas
P4,2021-01-07,1,446.92,Roupas
P5,2021-01-07,6,1135.75,Livros
P6,2021-01-07,16,1349.32,Móveis
P7,2021-01-07,5,279.03,Eletrônicos
P8,2021-01-07,2,412.75,Roupas
P9,2021-01-07,18,7241.63,Livros
P10,2021-01-07,15,5743.55,Móveis
P1,2021-01-08,23,3746.77,Eletrônicos
P2,2021-01-08,8,2488.22,Eletrônicos
P3,2021-01-08,2,510.45,Roupas
P4,2021-01-08,15,6766.43,Roupas
P5,2021-01-08,8,1844.89,Livros
P6,2021-01-08,9,975.73,Móveis
P7,2021-01-08,14,5767.39,Eletrônicos
P8,2021-01-08,4,1425.43,Roupas
P9,2021-01-08,16,6903.85,Livros
P10,2021-01-08,11,3987.36,Móveis
P1,2021-01-09,10,3909.12,Eletrônicos
P2,2021-01-09,27,12828.85,Eletrônicos
P3,2021-01-09,27,3603.44,Roupas
P4,2021-01-09,17,2979.11,Roupas
P5,2021-01-09,9,4054.02,Livros
P6,2021-01-09,26,2668.32,Móveis
P7,2021-01-09,15,3332.61,Eletrônicos
P8,2021-01-09,22,4027.19,Roupas
P9,2021-01-09,14,1042.12,Livros
P10,2021-01-09,26,2762.09,Móveis
P1,2021-01-10,30,8445.13,Eletrônicos
P2,2021-01-10,15,6974.43,Eletrônicos
P3,2021-01-10,44,7738.35,Roupas
P4,2021-01-10,21,4505.43,Roupas
P5,2021-01-10,54,13815.39,Livros
P6,2021-01-10,22,6375.07,Móveis
P7,2021-01-10,22,5263.33,Eletrônicos
P8,2021-01-10,20,5126.19,Roupas
P9,2021-01-10,5,1505.44,Livros
P10,2021-01-10,5,2367.12,Móveis
P1,2021-01-11,8,3464.29,Eletrônicos
P2,2021-01-11,18,1342.3,Eletrônicos
P3,2021-01-11,1,484.9,Roupas
P4,2021-01-11,2,416.37,Roupas
P5,2021-01-11,9,2819.6,Livros
P6,2021-01-11,6,1992.48,Móveis
P7,2021-01-11,10,3722.4,Eletrônicos
P8,2021-01-11,12,1873.59,Roupas
P9,2021-01-11,8,2757.69,Livros
P10,2021-01-11,11,1186.52,Móveis
P1,2021-01-12,24,7908.63,Eletrônicos
P2,2021-01-12,28,6862.8,Eletrônicos
P3,2021-01-12,19,7538.13,Roupas
P4,2021-01-12,4,685.35,Roupas
P5,2021-01-12,1,247.71,Livros
P6,2021-01-12,9,2107.99,Móveis
P7,2021-01-12,15,6432.53,Eletrônicos
P8,2021-01-12,20,1537.78,Roupas
P9,2021-01-12,9,4149.46,Livros
P10,2021-01-12,6,1689.67,Móveis
P1,2021-01-13,7,3050.53,Eletrônicos
P2,2021-01-13,11,3913.72,Eletrônicos
P3,2021-01-13,2,257.84,Roupas
P4,2021-01-13,1,392.69,Roupas
P5,2021-01-13,8,2162.04,Livros
P6,2021-01-13,12,1175.36,Móveis
P7,2021-01-13,12,2209.31,Eletrônicos
P8,2021-01-13,2,689.9,Roupas
P9,2021-01-13,21,4367.32,Livros
P10,2021-01-13,14,6975.97,Móveis
P1,2021-01-14,20,5983.54,Eletrônicos
P2,2021-01-14,10,2518.32,Eletrônicos
P3,2021-01-14,10,1702.88,Roupas
P4,2021-01-14,18,8113.82,Roupas
P5,2021-01-14,15,6344.68,Livros
P6,2021-01-14,4,1270.26,Móveis
P7,2021-01-14,10,3015.98,Eletrônicos
P8,2021-01-14,12,3794.92,Roupas
P9,2021-01-14,16,3672.39,Livros
P10,2021-01-14,5,2360.46,Móveis
P1,2021-01-15,12,2791.45,Eletrônicos
P2,2021-01-15,3,518.56,Eletrônicos
P3,2021-01-15,6,2267.18,Roupas
P4,2021-01-15,1,374.6,Roupas
P5,2021-01-15,2,738.52,Livros
P6,2021-01-15,5,1263.38,Móveis
P7,2021-01-15,11,982.79,Eletrônicos
P8,2021-01-15,1,293.16,Roupas
P9,2021-01-15,1,484.22,Livros
P10,2021-01-15,5,1000.58,Móveis
P1,2021-01-16,8,2497.49,Eletrônicos
P2,2021-01-16,48,5948.01,Eletrônicos
P3,2021-01-16,41,15847.29,Roupas
P4,2021-01-16,16,4520.02,Roupas
P5,2021-01-16,18,7734.71,Livros
P6,2021-01-16,11,4459.3,Móveis
P7,2021-01-16,17,1823.97,Eletrônicos
P8,2021-01-16,33,4482.05,Roupas
P9,2021-01-16,8,1174.77,Livros
P10,2021-01-16,14,1410.53,Móveis
P1,2021-01-17,61,30272.01,Eletrônicos
P2,2021-01-17,30,1988.76,Eletrônicos
P3,2021-01-17,23,11059.23,Roupas
P4,2021-01-17,36,16569.14,Roupas
P5,2021-01-17,30,5023.69,Livros
P6,2021-01-17,29,12247.07,Móveis
P7,2021-01-17,7,1718.73,Eletrônicos
P8,2021-01-17,37,15214.72,Roupas
P9,2021-01-17,4,297.92,Livros
P10,2021-01-17,13,3953.45,Móveis
P1,2021-01-18,8,2836.34,Eletrônicos
P2,2021-01-18,21,10152.05,Eletrônicos
P3,2021-01-18,10,1421.74,Roupas
P4,2021-01-18,7,1388.34,Roupas
P5,2021-01-18,13,5102.1,Livros
P6,2021-01-18,6,1632.44,Móveis
P7,2021-01-18,2,615.67,Eletrônicos
P8,2021-01-18,8,1204.69,Roupas
P9,2021-01-18,24,1587.34,Livros
P10,2021-01-18,11,4155.64,Móveis
P1,2021-01-19,16,3256.29,Eletrônicos
P2,2021-01-19,9,1102.24,Eletrônicos
P3,2021-01-19,7,1966.46,Roupas
P4,2021-01-19,7,2176.2,Roupas
P5,2021-01-19,19,8101.11,Livros
P6,2021-01-19,5,1087.69,Móveis
P7,2021-01-19,10,739.32,Eletrônicos
P8,2021-01-19,3,1390.82,Roupas
P9,2021-01-19,10,1515.92,Livros
P10,2021-01-19,2,383.84,Móveis
P1,2021-01-20,5,2005.76,Eletrônicos
P2,2021-01-20,5,2175.9,Eletrônicos
P3,2021-01-20,9,2299.02,Roupas
P4,2021-01-20,11,840.07,Roupas
P5,2021-01-20,12,2740.68,Livros
P6,2021-01-20,3,1038.24,Móveis
P7,2021-01-20,13,1599.53,Eletrônicos
P8,2021-01-20,7,3193.9,Roupas
P9,2021-01-20,13,1548.57,Livros
P10,2021-01-20,8,969.12,Móveis
P1,2021-01-21,15,4637.9,Eletrônicos
P2,2021-01-21,1,424.58,Eletrônicos
P3,2021-01-21,14,6734.1,Roupas
P4,2021-01-21,5,2281.61,Roupas
P5,2021-01-21,18,4218.27,Livros
P6,2021-01-21,5,536.69,Móveis
P7,2021-01-21,11,4850.94,Eletrônicos
P8,2021-01-21,4,347.75,Roupas
P9,2021-01-21,17,5059.68,Livros
P10,2021-01-21,10,954.39,Móveis
P1,2021-01-22,5,1875.35,Eletrônicos
P2,2021-01-22,14,5853.2,Eletrônicos
P3,2021-01-22,2,992.05,Roupas
P4,2021-01-22,4,421.26,Roupas
P5,2021-01-22,14,6053.31,Livros
P6,2021-01-22,22,5838.55,Móveis
P7,2021-01-22,5,2366.41,Eletrônicos
P8,2021-01-22,1,216.26,Roupas
P9,2021-01-22,3,818.32,Livros
P10,2021-01-22,22,6207.9,Móveis
P1,2021-01-23,23,8806.33,Eletrônicos
P2,2021-01-23,6,2742.26,Eletrônicos
P3,2021-01-23,48,4200.06,Roupas
P4,2021-01-23,43,11488.86,Roupas
P5,2021-01-23,33,2655.24,Livros
P6,2021-01-23,15,6315.47,Móveis
P7,2021-01-23,13,3972.37,Eletrônicos
P8,2021-01-23,16,4952.79,Roupas
P9,2021-01-23,50,4252.97,Livros
P10,2021-01-23,33,3879.71,Móveis
P1,2021-01-24,37,14207.63,Eletrônicos
P2,2021-01-24,30,10826.26,Eletrônicos
P3,2021-01-24,24,5720.39,Roupas
P4,2021-01-24,39,19344.42,Roupas
P5,2021-01-24,24,3940.37,Livros
P6,2021-01-24,11,1625.3,Móveis
P7,2021-01-24,4,1403.51,Eletrônicos
P8,2021-01-24,6,940.69,Roupas
P9,2021-01-24,9,466.98,Livros
P10,2021-01-24,17,7330.93,Móveis
P1,2021-01-25,7,3191.3,Eletrônicos
P2,2021-01-25,2,918.76,Eletrônicos
P3,2021-01-25,10,1107.52,Roupas
P4,2021-01-25,9,3579.87,Roupas
P5,2021-01-25,6,1969.92,Livros
P6,2021-01-25,3,254.95,Móveis
P7,2021-01-25,24,3904.91,Eletrônicos
P8,2021-01-25,9,2346.6,Roupas
P9,2021-01-25,22,3118.34,Livros
P10,2021-01-25,15,6391.65,Móveis
P1,2021-01-26,10,2034.64,Eletrônicos
P2,2021-01-26,3,1450.77,Eletrônicos
P3,2021-01-26,8,3836.73,Roupas
P4,2021-01-26,17,2051.06,Roupas
P5,2021-01-26,19,7051.63,Livros
P6,2021-01-26,15,6638.01,Móveis
P7,2021-01-26,14,2855.7,Eletrônicos
P8,2021-01-26,4,1686.18,Roupas
P9,2021-01-26,1,192.82,Livros
P10,2021-01-26,1,221.85,Móveis
P1,2021-01-27,3,1233.03,Eletrônicos
P2,2021-01-27,7,1196.82,Eletrônicos
P3,2021-01-27,2,671.58,Roupas
P4,2021-01-27,8,2658.07,Roupas
P5,2021-01-27,3,226.28,Livros
P6,2021-01-27,15,3092.35,Móveis
P7,2021-01-27,9,2771.27,Eletrônicos
P8,2021-01-27,4,1595.37,Roupas
P9,2021-01-27,18,2111.64,Livros
P10,2021-01-27,11,1437.51,Móveis
P1,2021-01-28,13,4417.12,Eletrônicos
P2,2021-01-28,2,495.43,Eletrônicos
P3,2021-01-28,4,440.48,Roupas
P4,2021-01-28,7,2767.11,Roupas
P5,2021-01-28,12,915.57,Livros
P6,2021-01-28,12,2941.05,Móveis
P7,2021-01-28,24,5239.2,Eletrônicos
P8,2021-01-28,2,581.35,Roupas
P9,2021-01-28,24,10088.94,Livros
P10,2021-01-28,9,2505.76,Móveis
P1,2021-01-29,11,2377.29,Eletrônicos
P2,2021-01-29,1,387.5,Eletrônicos
P3,2021-01-29,10,3896.22,Roupas
P4,2021-01-29,2,498.17,Roupas
P5,2021-01-29,9,4329.41,Livros
P6,2021-01-29,9,2600.6,Móveis
P7,2021-01-29,7,1799.67,Eletrônicos
P8,2021-01-29,9,2739.06,Roupas
P9,2021-01-29,5,2149.51,Livros
P10,2021-01-29,19,8678.18,Móveis
P1,2021-01-30,27,11773.67,Eletrônicos
P2,2021-01-30,4,1584.91,Eletrônicos
P3,2021-01-30,21,7533.25,Roupas
P4,2021-01-30,7,3429.61,Roupas
P5,2021-01-30,25,6645.56,Livros
P6,2021-01-30,5,285.89,Móveis
P7,2021-01-30,2,884.73,Eletrônicos
P8,2021-01-30,37,7860.75,Roupas
P9,2021-01-30,11,3933.67,Livros
P10,2021-01-30,9,698.63,Móveis
P1,2021-01-31,15,5369.6,Eletrônicos
P2,2021-01-31,49,16292.63,Eletrônicos
P3,2021-01-31,3,1124.64,Roupas
P4,2021-01-31,18,5081.83,Roupas
P5,2021-01-31,13,1639.93,Livros
P6,2021-01-31,47,4353.74,Móveis
P7,2021-01-31,4,1036.75,Eletrônicos
P8,2021-01-31,34,13738.6,Roupas
P9,2021-01-31,26,11701.21,Livros
P10,2021-01-31,38,8125.04,Móveis
P1,2021-02-01,10,4856.67,Eletrônicos
P2,2021-02-01,3,494.96,Eletrônicos
P3,2021-02-01,4,1839.44,Roupas
P4,2021-02-01,14,3043.36,Roupas
P5,2021-02-01,19,4438.04,Livros
P6,2021-02-01,17,7046.95,Móveis
P7,2021-02-01,6,2017.75,Eletrônicos
P8,2021-02-01,1,406.42,Roupas
P9,2021-02-01,12,2804.59,Livros
P10,2021-02-01,4,248.86,Móveis
P1,2021-02-02,4,1279.43,Eletrônicos
P2,2021-02-02,16,4347.39,Eletrônicos
P3,2021-02-02,9,2155.69,Roupas
P4,2021-02-02,11,2331.05,Roupas
P5,2021-02-02,4,1866.86,Livros
P6,2021-02-02,20,2412.5,Móveis
P7,2021-02-02,23,6942.93,Eletrônicos
P8,2021-02-02,13,3470.96,Roupas
P9,2021-02-02,6,2521.11,Livros
P10,2021-02-02,4,1951.67,Móveis
P1,2021-02-03,5,2273.02,Eletrônicos
P2,2021-02-03,7,2335.44,Eletrônicos
P3,2021-02-03,13,4020.31,Roupas
P4,2021-02-03,6,1751.67,Roupas
P5,2021-02-03,16,3747.61,Livros
P6,2021-02-03,4,1596.83,Móveis
P7,2021-02-03,2,681.37,Eletrônicos
P8,2021-02-03,5,2045.32,Roupas
P9,2021-02-03,19,6177.74,Livros
P10,2021-02-03,18,8344.94,Móveis
P1,2021-02-04,23,8780.4,Eletrônicos
P2,2021-02-04,12,3873.4,Eletrônicos
P3,2021-02-04,8,1828.58,Roupas
P4,2021-02-04,3,1043.65,Roupas
P5,2021-02-04,11,2235.39,Livros
P6,2021-02-04,1,268.66,Móveis
P7,2021-02-04,1,354.5,Eletrônicos
P8,2021-02-04,12,3042.6,Roupas
P9,2021-02-04,22,5360.95,Livros
P10,2021-02-04,13,1454.63,Móveis
P1,2021-02-05,5,1523.62,Eletrônicos
P2,2021-02-05,13,2447.06,Eletrônicos
P3,2021-02-05,16,7567.68,Roupas
P4,2021-02-05,11,2994.46,Roupas
P5,2021-02-05,2,159.28,Livros
P6,2021-02-05,10,3166.25,Móveis
P7,2021-02-05,9,810.79,Eletrônicos
P8,2021-02-05,10,2219.18,Roupas
P9,2021-02-05,29,10001.4,Livros
P10,2021-02-05,20,2489.93,Móveis
P1,2021-02-06,34,16758.15,Eletrônicos
P2,2021-02-06,33,5853.26,Eletrônicos
P3,2021-02-06,17,7624.98,Roupas
P4,2021-02-06,7,1950.72,Roupas
P5,2021-02-06,20,9863.44,Livros
P6,2021-02-06,28,3767.46,Móveis
P7,2021-02-06,31,9425.72,Eletrônicos
P8,2021-02-06,8,822.21,Roupas
P9,2021-02-06,4,554.61,Livros
P10,2021-02-06,22,1314.51,Móveis
P1,2021-02-07,5,1145.51,Eletrônicos
P2,2021-02-07,11,4799.57,Eletrônicos
P3,2021-02-07,8,2267.6,Roupas
P4,2021-02-07,33,16389.12,Roupas
P5,2021-02-07,34,15658.71,Livros
P6,2021-02-07,45,4536.73,Móveis
P7,2021-02-07,10,2315.53,Eletrônicos
P8,2021-02-07,8,2261.39,Roupas
P9,2021-02-07,20,6841.29,Livros
P10,2021-02-07,8,2632.61,Móveis
P1,2021-02-08,8,2449.85,Eletrônicos
P2,2021-02-08,2,290.49,Eletrônicos
P3,2021-02-08,9,2716.87,Roupas
P4,2021-02-08,4,879.76,Roupas
P5,2021-02-08,17,1475.93,Livros
P6,2021-02-08,1,100.64,Móveis
P7,2021-02-08,8,1960.6,Eletrônicos
P8,2021-02-08,10,4506.84,Roupas
P9,2021-02-08,11,4075.47,Livros
P10,2021-02-08,14,2962.8,Móveis
P1,2021-02-09,6,1449.88,Eletrônicos
P2,2021-02-09,13,935.87,Eletrônicos
P3,2021-02-09,2,265.14,Roupas
P4,2021-02-09,3,390.84,Roupas
P5,2021-02-09,9,2183.96,Livros
P6,2021-02-09,18,5673.41,Móveis
P7,2021-02-09,18,4476.29,Eletrônicos
P8,2021-02-09,16,1247.76,Roupas
P9,2021-02-09,15,6601.87,Livros
P10,2021-02-09,14,6134.51,Móveis
P1,2021-02-10,4,965.9,Eletrônicos
P2,2021-02-10,9,1683.51,Eletrônicos
P3,2021-02-10,17,1471.19,Roupas
P4,2021-02-10,3,1131.03,Roupas
P5,2021-02-10,22,3459.39,Livros
P6,2021-02-10,4,1800.67,Móveis
P7,2021-02-10,13,3371.52,Eletrônicos
P8,2021-02-10,8,2734.16,Roupas
P9,2021-02-10,20,5553.85,Livros
P10,2021-02-10,27,5957.89,Móveis
P1,2021-02-11,1,297.18,Eletrônicos
P2,2021-02-11,6,1322.1,Eletrônicos
P3,2021-02-11,1,398.32,Roupas
P4,2021-02-11,3,1074.18,Roupas
P5,2021-02-11,15,1622.12,Livros
P6,2021-02-11,7,3143.78,Móveis
P7,2021-02-11,8,2287.25,Eletrônicos
P8,2021-02-11,17,4845.49,Roupas
P9,2021-02-11,7,773.94,Livros
P10,2021-02-11,10,812.48,Móveis
P1,2021-02-12,3,1125.19,Eletrônicos
P2,2021-02-12,3,864.89,Eletrônicos
P3,2021-02-12,8,1144.74,Roupas
P4,2021-02-12,17,5121.85,Roupas
P5,2021-02-12,3,165.08,Livros
P6,2021-02-12,15,3822.14,Móveis
P7,2021-02-12,23,2839.67,Eletrônicos
P8,2021-02-12,15,6229.74,Roupas
P9,2021-02-12,6,2126.92,Livros
P10,2021-02-12,4,847.09,Móveis
P1,2021-02-13,24,2385.39,Eletrônicos
P2,2021-02-13,19,5794.54,Eletrônicos
P3,2021-02-13,27,1878.96,Roupas
P4,2021-02-13,4,1426.63,Roupas
P5,2021-02-13,5,2271.83,Livros
P6,2021-02-13,46,8734.3,Móveis
P7,2021-02-13,28,5076.02,Eletrônicos
P8,2021-02-13,26,10284.09,Roupas
P9,2021-02-13,29,2790.04,Livros
P10,2021-02-13,5,2211.62,Móveis
P1,2021-02-14,23,10789.06,Eletrônicos
P2,2021-02-14,33,4875.86,Eletrônicos
P3,2021-02-14,21,1548.45,Roupas
P4,2021-02-14,23,5090.66,Roupas
P5,2021-02-14,26,2319.46,Livros
P6,2021-02-14,42,15101.52,Móveis
P7,2021-02-14,16,7826.05,Eletrônicos
P8,2021-02-14,25,12422.69,Roupas
P9,2021-02-14,11,4097.56,Livros
P10,2021-02-14,13,2851.26,Móveis
P1,2021-02-15,2,140.83,Eletrônicos
P2,2021-02-15,10,3550.36,Eletrônicos
P3,2021-02-15,4,1348.56,Roupas
P4,2021-02-15,11,3916.1,Roupas
P5,2021-02-15,1,75.71,Livros
P6,2021-02-15,7,1766.29,Móveis
P7,2021-02-15,2,143.77,Eletrônicos
P8,2021-02-15,16,1404.79,Roupas
P9,2021-02-15,5,2057.5,Livros
P10,2021-02-15,9,1496.29,Móveis
P1,2021-02-16,11,4347.31,Eletrônicos
P2,2021-02-16,16,2296.94,Eletrônicos
P3,2021-02-16,4,577.16,Roupas
P4,2021-02-16,6,2545.51,Roupas
P5,2021-02-16,13,3467.03,Livros
P6,2021-02-16,21,1736.58,Móveis
P7,2021-02-16,14,5978.88,Eletrônicos
P8,2021-02-16,8,1403.05,Roupas
P9,2021-02-16,13,814.94,Livros
P10,2021-02-16,12,1956.72,Móveis
P1,2021-02-17,11,5395.78,Eletrônicos
P2,2021-02-17,11,3122.11,Eletrônicos
P3,2021-02-17,1,443.62,Roupas
P4,2021-02-17,16,4690.22,Roupas
P5,2021-02-17,10,1433.04,Livros
P6,2021-02-17,5,1916.11,Móveis
P7,2021-02-17,3,1097.22,Eletrônicos
P8,2021-02-17,19,3090.3,Roupas
P9,2021-02-17,6,2562.85,Livros
P10,2021-02-17,6,2126.48,Móveis
P1,2021-02-18,15,2071.86,Eletrônicos
P2,2021-02-18,12,2417.34,Eletrônicos
P3,2021-02-18,11,4789.56,Roupas
P4,2021-02-18,13,4829.75,Roupas
P5,2021-02-18,18,7556.77,Livros
P6,2021-02-18,1,378.1,Móveis
P7,2021-02-18,27,5621.12,Eletrônicos
P8,2021-02-18,13,3142.38,Roupas
P9,2021-02-18,15,5100.02,Livros
P10,2021-02-18,2,579.43,Móveis
P1,2021-02-19,9,2417.04,Eletrônicos
P2,2021-02-19,13,2850.79,Eletrônicos
P3,2021-02-19,8,1171.64,Roupas
P4,2021-02-19,7,1194.89,Roupas
P5,2021-02-19,25,3144.31,Livros
P6,2021-02-19,5,1953.9,Móveis
P7,2021-02-19,27,11674.54,Eletrônicos
P8,2021-02-19,26,12033.21,Roupas
P9,2021-02-19,4,1103.54,Livros
P10,2021-02-19,15,2820.79,Móveis
P1,2021-02-20,5,1592.96,Eletrônicos
P2,2021-02-20,28,11276.11,Eletrônicos
P3,2021-02-20,37,16858.95,Roupas
P4,2021-02-20,10,3150.63,Roupas
P5,2021-02-20,19,2431.07,Livros
P6,2021-02-20,5,637.09,Móveis
P7,2021-02-20,2,662.16,Eletrônicos
P8,2021-02-20,36,6648.94,Roupas
P9,2021-02-20,1,121.87,Livros
P10,2021-02-20,48,12090.32,Móveis
P1,2021-02-21,4,1061.75,Eletrônicos
P2,2021-02-21,37,8223.8,Eletrônicos
P3,2021-02-21,11,2996.38,Roupas
P4,2021-02-21,17,7248.69,Roupas
P5,2021-02-21,14,6521.43,Livros
P6,2021-02-21,19,4196.6,Móveis
P7,2021-02-21,12,4076.65,Eletrônicos
P8,2021-02-21,35,6955.01,Roupas
P9,2021-02-21,8,1508.9,Livros
P10,2021-02-21,49,15141.16,Móveis
P1,2021-02-22,11,3270.29,Eletrônicos
P2,2021-02-22,2,169.03,Eletrônicos
P3,2021-02-22,13,4107.57,Roupas
P4,2021-02-22,10,3147.87,Roupas
P5,2021-02-22,15,6802.64,Livros
P6,2021-02-22,4,1767.73,Móveis
P7,2021-02-22,2,791.37,Eletrônicos
P8,2021-02-22,4,361.21,Roupas
P9,2021-02-22,11,3337.07,Livros
P10,2021-02-22,13,5706.62,Móveis
P1,2021-02-23,14,3824.05,Eletrônicos
P2,2021-02-23,4,1910.03,Eletrônicos
P3,2021-02-23,6,2688.96,Roupas
P4,2021-02-23,10,3740.32,Roupas
P5,2021-02-23,4,1184.11,Livros
P6,2021-02-23,5,1160.7,Móveis
P7,2021-02-23,5,417.46,Eletrônicos
P8,2021-02-23,18,5232.31,Roupas
P9,2021-02-23,13,1651.54,Livros
P10,2021-02-23,9,2153.85,Móveis
P1,2021-02-24,3,828.13,Eletrônicos
P2,2021-02-24,13,1375.14,Eletrônicos
P3,2021-02-24,1,178.99,Roupas
P4,2021-02-24,5,445.18,Roupas
P5,2021-02-24,9,1102.52,Livros
P6,2021-02-24,10,2417.53,Móveis
P7,2021-02-24,16,4339.36,Eletrônicos
P8,2021-02-24,16,4706.59,Roupas
P9,2021-02-24,9,3779.16,Livros
P10,2021-02-24,22,5730.8,Móveis
P1,2021-02-25,6,955.8,Eletrônicos
P2,2021-02-25,13,2292.07,Eletrônicos
P3,2021-02-25,13,3701.35,Roupas
P4,2021-02-25,4,429.55,Roupas
P5,2021-02-25,8,2479.73,Livros
P6,2021-02-25,2,816.59,Móveis
P7,2021-02-25,17,1199.12,Eletrônicos
P8,2021-02-25,12,2287.9,Roupas
P9,2021-02-25,7,1616.78,Livros
P10,2021-02-25,3,1082.81,Móveis
P1,2021-02-26,4,1445.77,Eletrônicos
P2,2021-02-26,1,363.57,Eletrônicos
P3,2021-02-26,20,6910.17,Roupas
P4,2021-02-26,23,9522.63,Roupas
P5,2021-02-26,28,4401.81,Livros
P6,2021-02-26,11,4493.52,Móveis
P7,2021-02-26,4,1786.0,Eletrônicos
P8,2021-02-26,13,2761.49,Roupas
P9,2021-02-26,11,4808.23,Livros
P10,2021-02-26,10,1760.49,Móveis
P1,2021-02-27,17,6299.08,Eletrônicos
P2,2021-02-27,16,1819.43,Eletrônicos
P3,2021-02-27,10,3252.41,Roupas
P4,2021-02-27,54,24654.27,Roupas
P5,2021-02-27,17,1216.51,Livros
P6,2021-02-27,35,7176.39,Móveis
P7,2021-02-27,17,3976.4,Eletrônicos
P8,2021-02-27,15,3915.74,Roupas
P9,2021-02-27,9,3044.78,Livros
P10,2021-02-27,24,4286.76,Móveis
P1,2021-02-28,50,6117.29,Eletrônicos
P2,2021-02-28,5,1401.73,Eletrônicos
P3,2021-02-28,43,2463.77,Roupas
P4,2021-02-28,16,5110.06,Roupas
P5,2021-02-28,31,2462.18,Livros
P6,2021-02-28,22,9705.58,Móveis
P7,2021-02-28,26,3060.68,Eletrônicos
P8,2021-02-28,52,6276.53,Roupas
P9,2021-02-28,6,2446.56,Livros
P10,2021-02-28,41,12976.39,Móveis
P1,2021-03-01,15,2681.79,Eletrônicos
P2,2021-03-01,1,387.99,Eletrônicos
P3,2021-03-01,3,701.14,Roupas
P4,2021-03-01,1,342.83,Roupas
P5,2021-03-01,10,4393.02,Livros
P6,2021-03-01,7,1044.17,Móveis
P7,2021-03-01,15,7463.76,Eletrônicos
P8,2021-03-01,19,2933.58,Roupas
P9,2021-03-01,8,941.61,Livros
P10,2021-03-01,2,646.43,Móveis
P1,2021-03-02,12,3882.43,Eletrônicos
P2,2021-03-02,6,964.34,Eletrônicos
P3,2021-03-02,10,795.52,Roupas
P4,2021-03-02,22,4367.37,Roupas
P5,2021-03-02,11,1750.5,Livros
P6,2021-03-02,19,5249.23,Móveis
P7,2021-03-02,1,89.57,Eletrônicos
P8,2021-03-02,12,674.45,Roupas
P9,2021-03-02,4,1425.26,Livros
P10,2021-03-02,10,2973.52,Móveis
P1,2021-03-03,2,455.51,Eletrônicos
P2,2021-03-03,12,1167.46,Eletrônicos
P3,2021-03-03,26,10118.53,Roupas
P4,2021-03-03,6,1849.12,Roupas
P5,2021-03-03,8,2297.16,Livros
P6,2021-03-03,25,6546.38,Móveis
P7,2021-03-03,14,4211.99,Eletrônicos
P8,2021-03-03,17,1122.17,Roupas
P9,2021-03-03,19,3187.27,Livros
P10,2021-03-03,10,2819.72,Móveis
P1,2021-03-04,22,5591.66,Eletrônicos
P2,2021-03-04,4,1480.2,Eletrônicos
P3,2021-03-04,5,529.18,Roupas
P4,2021-03-04,18,4324.4,Roupas
P5,2021-03-04,15,2841.5,Livros
P6,2021-03-04,3,1158.05,Móveis
P7,2021-03-04,21,3988.04,Eletrônicos
P8,2021-03-04,5,2442.8,Roupas
P9,2021-03-04,2,787.48,Livros
P10,2021-03-04,12,3466.31,Móveis
P1,2021-03-05,8,509.43,Eletrônicos
P2,2021-03-05,5,661.07,Eletrônicos
P3,2021-03-05,8,406.82,Roupas
P4,2021-03-05,15,1628.74,Roupas
P5,2021-03-05,5,1844.16,Livros
P6,2021-03-05,3,840.4,Móveis
P7,2021-03-05,7,2595.97,Eletrônicos
P8,2021-03-05,2,722.83,Roupas
P9,2021-03-05,1,377.74,Livros
P10,2021-03-05,10,885.11,Móveis
P1,2021-03-06,39,15474.4,Eletrônicos
P2,2021-03-06,24,6106.52,Eletrônicos
P3,2021-03-06,30,12130.14,Roupas
P4,2021-03-06,35,2112.53,Roupas
P5,2021-03-06,4,231.81,Livros
P6,2021-03-06,5,753.03,Móveis
P7,2021-03-06,2,966.47,Eletrônicos
P8,2021-03-06,32,6027.82,Roupas
P9,2021-03-06,42,13185.78,Livros
P10,2021-03-06,23,1894.89,Móveis
P1,2021-03-07,30,6030.78,Eletrônicos
P2,2021-03-07,12,3741.76,Eletrônicos
P3,2021-03-07,54,13423.92,Roupas
P4,2021-03-07,10,4901.95,Roupas
P5,2021-03-07,12,3185.89,Livros
P6,2021-03-07,24,11480.02,Móveis
P7,2021-03-07,9,2237.63,Eletrônicos
P8,2021-03-07,4,609.74,Roupas
P9,2021-03-07,2,924.05,Livros
P10,2021-03-07,33,9500.39,Móveis
P1,2021-03-08,14,6715.91,Eletrônicos
P2,2021-03-08,17,5434.24,Eletrônicos
P3,2021-03-08,5,1843.09,Roupas
P4,2021-03-08,3,261.62,Roupas
P5,2021-03-08,15,1983.46,Livros
P6,2021-03-08,10,2890.45,Móveis
P7,2021-03-08,6,1888.08,Eletrônicos
P8,2021-03-08,15,4369.02,Roupas
P9,2021-03-08,23,10131.47,Livros
P10,2021-03-08,24,9007.32,Móveis
P1,2021-03-09,7,1568.28,Eletrônicos
P2,2021-03-09,23,5538.64,Eletrônicos
P3,2021-03-09,3,567.22,Roupas
P4,2021-03-09,18,2402.86,Roupas
P5,2021-03-09,3,562.94,Livros
P6,2021-03-09,1,463.14,Móveis
P7,2021-03-09,9,1337.88,Eletrônicos
P8,2021-03-09,10,1796.21,Roupas
P9,2021-03-09,9,3431.13,Livros
P10,2021-03-09,9,2396.43,Móveis
P1,2021-03-10,10,3909.05,Eletrônicos
P2,2021-03-10,11,3027.93,Eletrônicos
P3,2021-03-10,15,6944.33,Roupas
P4,2021-03-10,23,6763.92,Roupas
P5,2021-03-10,20,9200.09,Livros
P6,2021-03-10,7,1351.82,Móveis
P7,2021-03-10,13,1364.66,Eletrônicos
P8,2021-03-10,2,186.55,Roupas
P9,2021-03-10,11,4999.73,Livros
P10,2021-03-10,6,1698.13,Móveis
P1,2021-03-11,9,556.35,Eletrônicos
P2,2021-03-11,8,3895.61,Eletrônicos
P3,2021-03-11,12,687.67,Roupas
P4,2021-03-11,4,1751.07,Roupas
P5,2021-03-11,4,1338.18,Livros
P6,2021-03-11,29,4966.8,Móveis
P7,2021-03-11,3,1004.24,Eletrônicos
P8,2021-03-11,1,281.53,Roupas
P9,2021-03-11,16,4227.72,Livros
P10,2021-03-11,2,549.15,Móveis
P1,2021-03-12,20,5684.7,Eletrônicos
P2,2021-03-12,1,409.55,Eletrônicos
P3,2021-03-12,19,1634.38,Roupas
P4,2021-03-12,1,191.27,Roupas
P5,2021-03-12,4,1058.63,Livros
P6,2021-03-12,12,2482.75,Móveis
P7,2021-03-12,20,2259.6,Eletrônicos
P8,2021-03-12,13,848.83,Roupas
P9,2021-03-12,1,360.23,Livros
P10,2021-03-12,8,2321.25,Móveis
P1,2021-03-13,27,8175.78,Eletrônicos
P2,2021-03-13,36,1841.5,Eletrônicos
P3,2021-03-13,11,3995.2,Roupas
P4,2021-03-13,1,171.47,Roupas
P5,2021-03-13,17,1403.08,Livros
P6,2021-03-13,31,6191.62,Móveis
P7,2021-03-13,3,865.86,Eletrônicos
P8,2021-03-13,38,17232.04,Roupas
P9,2021-03-13,42,17663.0,Livros
P10,2021-03-13,14,3631.38,Móveis
P1,2021-03-14,23,10585.04,Eletrônicos
P2,2021-03-14,16,2077.15,Eletrônicos
P3,2021-03-14,7,2958.99,Roupas
P4,2021-03-14,13,5117.43,Roupas
P5,2021-03-14,9,1019.73,Livros
P6,2021-03-14,28,1566.84,Móveis
P7,2021-03-14,16,6920.06,Eletrônicos
P8,2021-03-14,17,5482.83,Roupas
P9,2021-03-14,29,3112.98,Livros
P10,2021-03-14,5,809.57,Móveis
P1,2021-03-15,12,1941.23,Eletrônicos
P2,2021-03-15,7,965.17,Eletrônicos
P3,2021-03-15,1,139.34,Roupas
P4,2021-03-15,14,4327.47,Roupas
P5,2021-03-15,6,1363.82,Livros
P6,2021-03-15,17,1907.78,Móveis
P7,2021-03-15,20,8956.31,Eletrônicos
P8,2021-03-15,4,648.41,Roupas
P9,2021-03-15,18,3770.16,Livros
P10,2021-03-15,12,4451.08,Móveis
P1,2021-03-16,3,1078.38,Eletrônicos
P2,2021-03-16,6,1434.83,Eletrônicos
P3,2021-03-16,4,1599.69,Roupas
P4,2021-03-16,13,1043.39,Roupas
P5,2021-03-16,4,1652.73,Livros
P6,2021-03-16,6,815.29,Móveis
P7,2021-03-16,1,362.17,Eletrônicos
P8,2021-03-16,11,4694.01,Roupas
P9,2021-03-16,13,5981.79,Livros
P10,2021-03-16,21,4271.97,Móveis
P1,2021-03-17,11,4533.65,Eletrônicos
P2,2021-03-17,10,840.42,Eletrônicos
P3,2021-03-17,3,694.87,Roupas
P4,2021-03-17,6,2360.96,Roupas
P5,2021-03-17,4,555.32,Livros
P6,2021-03-17,3,973.57,Móveis
P7,2021-03-17,2,512.85,Eletrônicos
P8,2021-03-17,24,9127.37,Roupas
P9,2021-03-17,15,1295.51,Livros
P10,2021-03-17,6,1947.85,Móveis
P1,2021-03-18,13,5400.28,Eletrônicos
P2,2021-03-18,6,2425.04,Eletrônicos
P3,2021-03-18,3,335.15,Roupas
P4,2021-03-18,14,2605.49,Roupas
P5,2021-03-18,13,2938.12,Livros
P6,2021-03-18,18,7160.81,Móveis
P7,2021-03-18,22,4887.28,Eletrônicos
P8,2021-03-18,17,2021.23,Roupas
P9,2021-03-18,10,2159.64,Livros
P10,2021-03-18,3,1168.53,Móveis
P1,2021-03-19,7,681.55,Eletrônicos
P2,2021-03-19,4,417.58,Eletrônicos
P3,2021-03-19,21,8582.2,Roupas
P4,2021-03-19,9,4351.48,Roupas
P5,2021-03-19,5,1924.68,Livros
P6,2021-03-19,1,56.73,Móveis
P7,2021-03-19,3,618.61,Eletrônicos
P8,2021-03-19,12,2897.32,Roupas
P9,2021-03-19,12,3918.35,Livros
P10,2021-03-19,3,1202.09,Móveis
P1,2021-03-20,20,2145.93,Eletrônicos
P2,2021-03-20,32,8716.58,Eletrônicos
P3,2021-03-20,16,7183.75,Roupas
P4,2021-03-20,2,150.69,Roupas
P5,2021-03-20,46,7898.01,Livros
P6,2021-03-20,7,2063.44,Móveis
P7,2021-03-20,17,6363.54,Eletrônicos
P8,2021-03-20,14,6675.93,Roupas
P9,2021-03-20,15,871.78,Livros
P10,2021-03-20,37,14994.55,Móveis
P1,2021-03-21,34,11505.01,Eletrônicos
P2,2021-03-21,5,2137.25,Eletrônicos
P3,2021-03-21,32,9391.26,Roupas
P4,2021-03-21,38,8105.72,Roupas
P5,2021-03-21,44,13945.61,Livros
P6,2021-03-21,5,2129.79,Móveis
P7,2021-03-21,18,3371.92,Eletrônicos
P8,2021-03-21,17,8443.39,Roupas
P9,2021-03-21,27,12058.31,Livros
P10,2021-03-21,29,3851.18,Móveis
P1,2021-03-22,1,429.43,Eletrônicos
P2,2021-03-22,14,2132.88,Eletrônicos
P3,2021-03-22,16,3857.08,Roupas
P4,2021-03-22,22,10988.45,Roupas
P5,2021-03-22,17,4265.81,Livros
P6,2021-03-22,9,2371.34,Móveis
P7,2021-03-22,1,421.42,Eletrônicos
P8,2021-03-22,16,6588.9,Roupas
P9,2021-03-22,3,371.29,Livros
P10,2021-03-22,9,3836.11,Móveis
P1,2021-03-23,8,2800.23,Eletrônicos
P2,2021-03-23,3,1400.43,Eletrônicos
P3,2021-03-23,1,143.16,Roupas
P4,2021-03-23,11,4100.16,Roupas
P5,2021-03-23,1,446.13,Livros
P6,2021-03-23,10,1902.68,Móveis
P7,2021-03-23,16,2617.09,Eletrônicos
P8,2021-03-23,4,302.94,Roupas
P9,2021-03-23,2,204.5,Livros
P10,2021-03-23,13,3143.39,Móveis
P1,2021-03-24,6,2457.4,Eletrônicos
P2,2021-03-24,15,4441.22,Eletrônicos
P3,2021-03-24,20,8481.62,Roupas
P4,2021-03-24,3,395.37,Roupas
P5,2021-03-24,8,2548.74,Livros
P6,2021-03-24,3,350.33,Móveis
P7,2021-03-24,11,2304.42,Eletrônicos
P8,2021-03-24,1,156.93,Roupas
P9,2021-03-24,8,1904.4,Livros
P10,2021-03-24,26,7216.77,Móveis
P1,2021-03-25,14,4863.19,Eletrônicos
P2,2021-03-25,8,475.94,Eletrônicos
P3,2021-03-25,3,178.23,Roupas
P4,2021-03-25,10,2310.14,Roupas
P5,2021-03-25,8,2725.54,Livros
P6,2021-03-25,20,6976.35,Móveis
P7,2021-03-25,12,3888.49,Eletrônicos
P8,2021-03-25,15,4174.55,Roupas
P9,2021-03-25,13,6448.64,Livros
P10,2021-03-25,29,10538.0,Móveis
P1,2021-03-26,15,7005.2,Eletrônicos
P2,2021-03-26,4,441.72,Eletrônicos
P3,2021-03-26,9,668.92,Roupas
P4,2021-03-26,20,2672.48,Roupas
P5,2021-03-26,8,1865.0,Livros
P6,2021-03-26,14,6045.72,Móveis
P7,2021-03-26,21,9798.91,Eletrônicos
P8,2021-03-26,12,4937.45,Roupas
P9,2021-03-26,12,3860.08,Livros
P10,2021-03-26,13,1333.23,Móveis
P1,2021-03-27,25,1899.52,Eletrônicos
P2,2021-03-27,7,861.03,Eletrônicos
P3,2021-03-27,24,10872.49,Roupas
P4,2021-03-27,25,1903.91,Roupas
P5,2021-03-27,5,2401.58,Livros
P6,2021-03-27,10,2310.83,Móveis
P7,2021-03-27,53,8399.21,Eletrônicos
P8,2021-03-27,14,4621.18,Roupas
P9,2021-03-27,25,3873.12,Livros
P10,2021-03-27,2,917.63,Móveis
P1,2021-03-28,20,8030.45,Eletrônicos
P2,2021-03-28,14,1461.61,Eletrônicos
P3,2021-03-28,57,10710.43,Roupas
P4,2021-03-28,9,928.47,Roupas
P5,2021-03-28,7,2905.02,Livros
P6,2021-03-28,4,1289.86,Móveis
P7,2021-03-28,44,15997.98,Eletrônicos
P8,2021-03-28,36,8297.5,Roupas
P9,2021-03-28,19,5205.54,Livros
P10,2021-03-28,52,7599.12,Móveis
P1,2021-03-29,2,451.11,Eletrônicos
P2,2021-03-29,9,1848.69,Eletrônicos
P3,2021-03-29,1,325.92,Roupas
P4,2021-03-29,13,4814.72,Roupas
P5,2021-03-29,1,490.51,Livros
P6,2021-03-29,15,3716.09,Móveis
P7,2021-03-29,2,272.24,Eletrônicos
P8,2021-03-29,2,339.68,Roupas
P9,2021-03-29,8,2815.13,Livros
P10,2021-03-29,26,6652.03,Móveis
P1,2021-03-30,24,4020.45,Eletrônicos
P2,2021-03-30,13,6358.38,Eletrônicos
P3,2021-03-30,2,146.68,Roupas
P4,2021-03-30,11,2109.57,Roupas
P5,2021-03-30,4,514.83,Livros
P6,2021-03-30,10,1342.42,Móveis
P7,2021-03-30,19,6020.74,Eletrônicos
P8,2021-03-30,2,875.68,Roupas
P9,2021-03-30,11,3596.78,Livros
P10,2021-03-30,18,8279.43,Móveis
P1,2021-03-31,8,617.82,Eletrônicos
P2,2021-03-31,1,423.83,Eletrônicos
P3,2021-03-31,2,744.57,Roupas
P4,2021-03-31,9,2861.14,Roupas
P5,2021-03-31,6,1300.34,Livros
P6,2021-03-31,11,573.37,Móveis
P7,2021-03-31,8,1497.69,Eletrônicos
P8,2021-03-31,8,2324.77,Roupas
P9,2021-03-31,4,1725.15,Livros
P10,2021-03-31,15,2144.05,Móveis
P1,2021-04-01,13,3055.0,Eletrônicos
P2,2021-04-01,3,387.31,Eletrônicos
P3,2021-04-01,25,2287.34,Roupas
P4,2021-04-01,20,3561.43,Roupas
P5,2021-04-01,19,6985.43,Livros
P6,2021-04-01,12,3710.61,Móveis
P7,2021-04-01,19,7265.9,Eletrônicos
P8,2021-04-01,8,982.0,Roupas
P9,2021-04-01,12,2201.98,Livros
P10,2021-04-01,12,2963.47,Móveis
P1,2021-04-02,4,718.53,Eletrônicos
P2,2021-04-02,11,3347.42,Eletrônicos
P3,2021-04-02,6,1544.98,Roupas
P4,2021-04-02,2,461.03,Roupas
P5,2021-04-02,5,1219.24,Livros
P6,2021-04-02,5,2155.73,Móveis
P7,2021-04-02,21,8634.07,Eletrônicos
P8,2021-04-02,4,251.71,Roupas
P9,2021-04-02,14,4649.65,Livros
P10,2021-04-02,13,921.3,Móveis
P1,2021-04-03,8,2258.98,Eletrônicos
P2,2021-04-03,31,5343.22,Eletrônicos
P3,2021-04-03,13,3297.62,Roupas
P4,2021-04-03,18,6754.37,Roupas
P5,2021-04-03,11,2888.76,Livros
P6,2021-04-03,10,2209.37,Móveis
P7,2021-04-03,6,953.55,Eletrônicos
P8,2021-04-03,30,3437.28,Roupas
P9,2021-04-03,31,14437.47,Livros
P10,2021-04-03,14,2020.3,Móveis
P1,2021-04-04,1,283.93,Eletrônicos
P2,2021-04-04,9,684.47,Eletrônicos
P3,2021-04-04,37,10831.85,Roupas
P4,2021-04-04,31,15101.71,Roupas
P5,2021-04-04,26,2823.23,Livros
P6,2021-04-04,18,2718.65,Móveis
P7,2021-04-04,10,4287.77,Eletrônicos
P8,2021-04-04,8,3372.47,Roupas
P9,2021-04-04,5,256.97,Livros
P10,2021-04-04,33,14465.53,Móveis
P1,2021-04-05,24,4172.9,Eletrônicos
P2,2021-04-05,13,5310.45,Eletrônicos
P3,2021-04-05,16,3019.52,Roupas
P4,2021-04-05,12,4832.41,Roupas
P5,2021-04-05,25,6132.54,Livros
P6,2021-04-05,3,216.31,Móveis
P7,2021-04-05,9,2320.68,Eletrônicos
P8,2021-04-05,7,870.02,Roupas
P9,2021-04-05,13,4928.64,Livros
P10,2021-04-05,6,2217.64,Móveis
P1,2021-04-06,8,2531.54,Eletrônicos
P2,2021-04-06,6,840.03,Eletrônicos
P3,2021-04-06,8,2715.29,Roupas
P4,2021-04-06,1,344.87,Roupas
P5,2021-04-06,1,51.81,Livros
P6,2021-04-06,1,401.53,Móveis
P7,2021-04-06,14,5764.65,Eletrônicos
P8,2021-04-06,1,463.56,Roupas
P9,2021-04-06,7,1214.23,Livros
P10,2021-04-06,4,380.43,Móveis
P1,2021-04-07,4,1060.84,Eletrônicos
P2,2021-04-07,9,1565.38,Eletrônicos
P3,2021-04-07,12,1140.87,Roupas
P4,2021-04-07,9,702.02,Roupas
P5,2021-04-07,7,2266.42,Livros
P6,2021-04-07,7,1942.88,Móveis
P7,2021-04-07,14,2014.73,Eletrônicos
P8,2021-04-07,1,228.13,Roupas
P9,2021-04-07,3,852.49,Livros
P10,2021-04-07,11,1647.39,Móveis
P1,2021-04-08,1,295.4,Eletrônicos
P2,2021-04-08,12,1762.93,Eletrônicos
P3,2021-04-08,23,3894.27,Roupas
P4,2021-04-08,15,3875.42,Roupas
P5,2021-04-08,1,169.84,Livros
P6,2021-04-08,15,7229.39,Móveis
P7,2021-04-08,1,442.4,Eletrônicos
P8,2021-04-08,11,2924.01,Roupas
P9,2021-04-08,7,1415.65,Livros
P10,2021-04-08,8,3451.54,Móveis
P1,2021-04-09,1,496.23,Eletrônicos
P2,2021-04-09,14,2457.65,Eletrônicos
P3,2021-04-09,10,1293.61,Roupas
P4,2021-04-09,2,170.03,Roupas
P5,2021-04-09,15,980.09,Livros
P6,2021-04-09,6,1683.32,Móveis
P7,2021-04-09,4,587.81,Eletrônicos
P8,2021-04-09,9,3767.64,Roupas
P9,2021-04-09,1,444.62,Livros
P10,2021-04-09,20,1471.46,Móveis
P1,2021-04-10,21,5386.88,Eletrônicos
P2,2021-04-10,56,14434.79,Eletrônicos
P3,2021-04-10,7,2491.25,Roupas
P4,2021-04-10,51,18863.17,Roupas
P5,2021-04-10,42,19983.07,Livros
P6,2021-04-10,45,11687.37,Móveis
P7,2021-04-10,26,10116.78,Eletrônicos
P8,2021-04-10,13,1719.44,Roupas
P9,2021-04-10,10,1047.68,Livros
P10,2021-04-10,38,9654.43,Móveis
P1,2021-04-11,8,3261.27,Eletrônicos
P2,2021-04-11,2,952.39,Eletrônicos
P3,2021-04-11,21,8311.8,Roupas
P4,2021-04-11,8,3358.18,Roupas
P5,2021-04-11,35,4002.59,Livros
P6,2021-04-11,18,5915.16,Móveis
P7,2021-04-11,20,3453.84,Eletrônicos
P8,2021-04-11,12,2239.01,Roupas
P9,2021-04-11,20,7017.76,Livros
P10,2021-04-11,41,10332.43,Móveis
P1,2021-04-12,1,149.66,Eletrônicos
P2,2021-04-12,12,5845.61,Eletrônicos
P3,2021-04-12,11,1019.51,Roupas
P4,2021-04-12,7,441.34,Roupas
P5,2021-04-12,16,3090.02,Livros
P6,2021-04-12,9,2640.16,Móveis
P7,2021-04-12,17,5252.2,Eletrônicos
P8,2021-04-12,9,3422.28,Roupas
P9,2021-04-12,18,2115.21,Livros
P10,2021-04-12,2,271.21,Móveis
P1,2021-04-13,9,4387.57,Eletrônicos
P2,2021-04-13,1,418.43,Eletrônicos
P3,2021-04-13,16,5351.31,Roupas
P4,2021-04-13,9,4160.9,Roupas
P5,2021-04-13,10,1456.98,Livros
P6,2021-04-13,4,569.71,Móveis
P7,2021-04-13,4,210.86,Eletrônicos
P8,2021-04-13,18,3491.59,Roupas
P9,2021-04-13,22,7793.13,Livros
P10,2021-04-13,17,3601.58,Móveis
P1,2021-04-14,7,2898.26,Eletrônicos
P2,2021-04-14,12,5986.14,Eletrônicos
P3,2021-04-14,23,9689.61,Roupas
P4,2021-04-14,1,268.68,Roupas
P5,2021-04-14,3,658.17,Livros
P6,2021-04-14,7,1711.87,Móveis
P7,2021-04-14,16,2688.67,Eletrônicos
P8,2021-04-14,6,609.88,Roupas
P9,2021-04-14,9,1118.01,Livros
P10,2021-04-14,13,6174.98,Móveis
P1,2021-04-15,6,617.59,Eletrônicos
P2,2021-04-15,6,1218.05,Eletrônicos
P3,2021-04-15,7,2893.6,Roupas
P4,2021-04-15,2,122.86,Roupas
P5,2021-04-15,8,2665.78,Livros
P6,2021-04-15,4,366.79,Móveis
P7,2021-04-15,7,3025.22,Eletrônicos
P8,2021-04-15,3,1414.36,Roupas
P9,2021-04-15,16,2748.84,Livros
P10,2021-04-15,4,1632.29,Móveis
P1,2021-04-16,8,1466.7,Eletrônicos
P2,2021-04-16,17,7762.03,Eletrônicos
P3,2021-04-16,5,1582.35,Roupas
P4,2021-04-16,5,1604.9,Roupas
P5,2021-04-16,26,4561.75,Livros
P6,2021-04-16,1,482.84,Móveis
P7,2021-04-16,17,2806.6,Eletrônicos
P8,2021-04-16,2,568.29,Roupas
P9,2021-04-16,16,4910.15,Livros
P10,2021-04-16,18,3865.53,Móveis
P1,2021-04-17,13,3374.15,Eletrônicos
P2,2021-04-17,34,2707.25,Eletrônicos
P3,2021-04-17,16,5683.33,Roupas
P4,2021-04-17,19,8330.07,Roupas
P5,2021-04-17,22,7825.7,Livros
P6,2021-04-17,7,1602.21,Móveis
P7,2021-04-17,6,1599.51,Eletrônicos
P8,2021-04-17,3,336.11,Roupas
P9,2021-04-17,18,4603.5,Livros
P10,2021-04-17,28,6641.94,Móveis
P1,2021-04-18,10,1467.62,Eletrônicos
P2,2021-04-18,9,963.04,Eletrônicos
P3,2021-04-18,20,9610.3,Roupas
P4,2021-04-18,39,9474.29,Roupas
P5,2021-04-18,22,7840.52,Livros
P6,2021-04-18,24,4429.42,Móveis
P7,2021-04-18,22,3384.8,Eletrônicos
P8,2021-04-18,32,2895.2,Roupas
P9,2021-04-18,5,1406.61,Livros
P10,2021-04-18,26,2781.26,Móveis
P1,2021-04-19,15,5789.91,Eletrônicos
P2,2021-04-19,3,501.46,Eletrônicos
P3,2021-04-19,23,7604.38,Roupas
P4,2021-04-19,7,1479.3,Roupas
P5,2021-04-19,7,1781.58,Livros
P6,2021-04-19,21,2743.44,Móveis
P7,2021-04-19,16,5634.15,Eletrônicos
P8,2021-04-19,10,2381.6,Roupas
P9,2021-04-19,8,1096.7,Livros
P10,2021-04-19,11,4583.81,Móveis
P1,2021-04-20,20,2447.12,Eletrônicos
P2,2021-04-20,5,1059.05,Eletrônicos
P3,2021-04-20,5,1387.28,Roupas
P4,2021-04-20,3,661.57,Roupas
P5,2021-04-20,11,1845.65,Livros
P6,2021-04-20,4,1532.23,Móveis
P7,2021-04-20,5,1375.29,Eletrônicos
P8,2021-04-20,20,7532.9,Roupas
P9,2021-04-20,17,7751.34,Livros
P10,2021-04-20,27,10379.26,Móveis
P1,2021-04-21,7,1645.68,Eletrônicos
P2,2021-04-21,9,887.28,Eletrônicos
P3,2021-04-21,4,1089.68,Roupas
P4,2021-04-21,1,150.08,Roupas
P5,2021-04-21,3,927.9,Livros
P6,2021-04-21,4,316.13,Móveis
P7,2021-04-21,1,472.91,Eletrônicos
P8,2021-04-21,6,2310.9,Roupas
P9,2021-04-21,2,728.24,Livros
P10,2021-04-21,29,13109.37,Móveis
P1,2021-04-22,19,3257.45,Eletrônicos
P2,2021-04-22,8,468.36,Eletrônicos
P3,2021-04-22,3,197.52,Roupas
P4,2021-04-22,23,9448.89,Roupas
P5,2021-04-22,12,1937.16,Livros
P6,2021-04-22,9,1428.06,Móveis
P7,2021-04-22,7,2776.32,Eletrônicos
P8,2021-04-22,8,3154.01,Roupas
P9,2021-04-22,13,6136.12,Livros
P10,2021-04-22,6,1616.45,Móveis
P1,2021-04-23,18,6883.16,Eletrônicos
P2,2021-04-23,1,88.51,Eletrônicos
P3,2021-04-23,1,62.25,Roupas
P4,2021-04-23,10,1326.98,Roupas
P5,2021-04-23,19,6948.84,Livros
P6,2021-04-23,1,214.01,Móveis
P7,2021-04-23,6,1436.44,Eletrônicos
P8,2021-04-23,21,1994.31,Roupas
P9,2021-04-23,1,380.77,Livros
P10,2021-04-23,19,1664.25,Móveis
P1,2021-04-24,7,2838.94,Eletrônicos
P2,2021-04-24,3,424.55,Eletrônicos
P3,2021-04-24,36,8102.29,Roupas
P4,2021-04-24,2,831.65,Roupas
P5,2021-04-24,1,228.34,Livros
P6,2021-04-24,26,7761.71,Móveis
P7,2021-04-24,32,7633.99,Eletrônicos
P8,2021-04-24,12,5515.65,Roupas
P9,2021-04-24,17,6133.65,Livros
P10,2021-04-24,12,4543.65,Móveis
P1,2021-04-25,4,927.08,Eletrônicos
P2,2021-04-25,5,966.51,Eletrônicos
P3,2021-04-25,27,12646.0,Roupas
P4,2021-04-25,26,6644.77,Roupas
P5,2021-04-25,4,319.5,Livros
P6,2021-04-25,20,1004.98,Móveis
P7,2021-04-25,6,819.35,Eletrônicos
P8,2021-04-25,28,9149.47,Roupas
P9,2021-04-25,20,2471.97,Livros
P10,2021-04-25,35,6173.49,Móveis
P1,2021-04-26,25,7864.4,Eletrônicos
P2,2021-04-26,20,9022.59,Eletrônicos
P3,2021-04-26,15,7363.58,Roupas
P4,2021-04-26,18,3001.92,Roupas
P5,2021-04-26,25,2193.32,Livros
P6,2021-04-26,12,2942.13,Móveis
P7,2021-04-26,6,1357.03,Eletrônicos
P8,2021-04-26,4,1711.46,Roupas
P9,2021-04-26,1,297.9,Livros
P10,2021-04-26,15,5889.71,Móveis
P1,2021-04-27,10,1771.96,Eletrônicos
P2,2021-04-27,1,156.25,Eletrônicos
P3,2021-04-27,7,1886.53,Roupas
P4,2021-04-27,11,3847.67,Roupas
P5,2021-04-27,1,486.23,Livros
P6,2021-04-27,24,7862.48,Móveis
P7,2021-04-27,16,6332.44,Eletrônicos
P8,2021-04-27,18,1410.34,Roupas
P9,2021-04-27,10,4848.47,Livros
P10,2021-04-27,15,4704.06,Móveis
P1,2021-04-28,4,1759.65,Eletrônicos
P2,2021-04-28,4,1319.65,Eletrônicos
P3,2021-04-28,11,2605.64,Roupas
P4,2021-04-28,4,501.25,Roupas
P5,2021-04-28,16,4812.92,Livros
P6,2021-04-28,6,418.96,Móveis
P7,2021-04-28,4,836.69,Eletrônicos
P8,2021-04-28,5,2165.58,Roupas
P9,2021-04-28,7,611.4,Livros
P10,2021-04-28,13,3223.11,Móveis
P1,2021-04-29,3,1060.96,Eletrônicos
P2,2021-04-29,10,1251.38,Eletrônicos
P3,2021-04-29,22,4197.89,Roupas
P4,2021-04-29,11,1878.09,Roupas
P5,2021-04-29,8,2462.32,Livros
P6,2021-04-29,17,4530.06,Móveis
P7,2021-04-29,3,740.35,Eletrônicos
P8,2021-04-29,9,1828.63,Roupas
P9,2021-04-29,23,10996.96,Livros
P10,2021-04-29,19,8301.04,Móveis
P1,2021-04-30,8,2998.59,Eletrônicos
P2,2021-04-30,8,3845.78,Eletrônicos
P3,2021-04-30,20,5065.69,Roupas
P4,2021-04-30,8,3804.3,Roupas
P5,2021-04-30,11,1471.45,Livros
P6,2021-04-30,4,1496.06,Móveis
P7,2021-04-30,1,360.54,Eletrônicos
P8,2021-04-30,11,2109.11,Roupas
P9,2021-04-30,12,1287.85,Livros
P10,2021-04-30,5,2219.93,Móveis
P1,2021-05-01,10,1624.53,Eletrônicos
P2,2021-05-01,41,11384.28,Eletrônicos
P3,2021-05-01,3,247.29,Roupas
P4,2021-05-01,9,4410.4,Roupas
P5,2021-05-01,16,5972.66,Livros
P6,2021-05-01,19,7517.66,Móveis
P7,2021-05-01,21,2920.13,Eletrônicos
P8,2021-05-01,21,2695.18,Roupas
P9,2021-05-01,13,4659.85,Livros
P10,2021-05-01,8,1093.44,Móveis
P1,2021-05-02,34,2384.07,Eletrônicos
P2,2021-05-02,11,641.59,Eletrônicos
P3,2021-05-02,6,2235.3,Roupas
P4,2021-05-02,4,1110.87,Roupas
P5,2021-05-02,14,5908.17,Livros
P6,2021-05-02,34,12671.94,Móveis
P7,2021-05-02,28,10034.8,Eletrônicos
P8,2021-05-02,1,231.06,Roupas
P9,2021-05-02,28,12210.46,Livros
P10,2021-05-02,15,5631.28,Móveis
P1,2021-05-03,15,2698.47,Eletrônicos
P2,2021-05-03,1,341.77,Eletrônicos
P3,2021-05-03,11,643.12,Roupas
P4,2021-05-03,5,1689.05,Roupas
P5,2021-05-03,5,713.84,Livros
P6,2021-05-03,6,951.75,Móveis
P7,2021-05-03,7,928.14,Eletrônicos
P8,2021-05-03,16,4919.0,Roupas
P9,2021-05-03,1,323.95,Livros
P10,2021-05-03,6,2609.23,Móveis
P1,2021-05-04,12,4152.1,Eletrônicos
P2,2021-05-04,8,803.82,Eletrônicos
P3,2021-05-04,14,4485.37,Roupas
P4,2021-05-04,21,2691.67,Roupas
P5,2021-05-04,6,1565.34,Livros
P6,2021-05-04,10,3560.44,Móveis
P7,2021-05-04,4,1948.87,Eletrônicos
P8,2021-05-04,4,283.26,Roupas
P9,2021-05-04,7,857.67,Livros
P10,2021-05-04,13,5877.9,Móveis
P1,2021-05-05,17,4324.3,Eletrônicos
P2,2021-05-05,8,3117.07,Eletrônicos
P3,2021-05-05,5,1653.78,Roupas
P4,2021-05-05,9,3812.64,Roupas
P5,2021-05-05,25,4182.55,Livros
P6,2021-05-05,9,1747.08,Móveis
P7,2021-05-05,3,511.61,Eletrônicos
P8,2021-05-05,9,1186.55,Roupas
P9,2021-05-05,7,1764.34,Livros
P10,2021-05-05,2,306.95,Móveis
P1,2021-05-06,14,5725.4,Eletrônicos
P2,2021-05-06,19,2843.41,Eletrônicos
P3,2021-05-06,14,4751.02,Roupas
P4,2021-05-06,7,1242.24,Roupas
P5,2021-05-06,12,938.47,Livros
P6,2021-05-06,12,1762.23,Móveis
P7,2021-05-06,22,8693.38,Eletrônicos
P8,2021-05-06,10,1591.13,Roupas
P9,2021-05-06,6,945.41,Livros
P10,2021-05-06,14,2945.14,Móveis
P1,2021-05-07,7,2495.73,Eletrônicos
P2,2021-05-07,22,3296.69,Eletrônicos
P3,2021-05-07,2,105.03,Roupas
P4,2021-05-07,4,1945.1,Roupas
P5,2021-05-07,5,1281.74,Livros
P6,2021-05-07,11,2785.53,Móveis
P7,2021-05-07,4,452.74,Eletrônicos
P8,2021-05-07,7,2298.41,Roupas
P9,2021-05-07,23,9088.31,Livros
P10,2021-05-07,2,880.5,Móveis
P1,2021-05-08,8,956.11,Eletrônicos
P2,2021-05-08,30,13800.77,Eletrônicos
P3,2021-05-08,15,4580.12,Roupas
P4,2021-05-08,13,5448.24,Roupas
P5,2021-05-08,60,28462.99,Livros
P6,2021-05-08,22,4539.05,Móveis
P7,2021-05-08,5,1256.02,Eletrônicos
P8,2021-05-08,29,6394.55,Roupas
P9,2021-05-08,5,1873.86,Livros
P10,2021-05-08,18,5584.42,Móveis
P1,2021-05-09,23,4228.52,Eletrônicos
P2,2021-05-09,12,1838.29,Eletrônicos
P3,2021-05-09,12,4306.73,Roupas
P4,2021-05-09,9,1113.42,Roupas
P5,2021-05-09,26,6190.13,Livros
P6,2021-05-09,17,5593.63,Móveis
P7,2021-05-09,20,8812.73,Eletrônicos
P8,2021-05-09,31,2386.37,Roupas
P9,2021-05-09,11,1961.59,Livros
P10,2021-05-09,18,5029.64,Móveis
P1,2021-05-10,1,350.05,Eletrônicos
P2,2021-05-10,1,469.18,Eletrônicos
P3,2021-05-10,18,1034.52,Roupas
P4,2021-05-10,1,216.6,Roupas
P5,2021-05-10,21,9207.47,Livros
P6,2021-05-10,5,1970.29,Móveis
P7,2021-05-10,6,1105.46,Eletrônicos
P8,2021-05-10,6,2398.67,Roupas
P9,2021-05-10,13,4752.47,Livros
P10,2021-05-10,12,3247.65,Móveis
P1,2021-05-11,1,453.33,Eletrônicos
P2,2021-05-11,13,5254.13,Eletrônicos
P3,2021-05-11,14,4070.04,Roupas
P4,2021-05-11,9,1531.83,Roupas
P5,2021-05-11,25,8733.66,Livros
P6,2021-05-11,1,454.17,Móveis
P7,2021-05-11,7,1057.74,Eletrônicos
P8,2021-05-11,1,253.39,Roupas
P9,2021-05-11,12,1462.6,Livros
P10,2021-05-11,12,5650.18,Móveis
P1,2021-05-12,19,3626.6,Eletrônicos
P2,2021-05-12,15,2991.68,Eletrônicos
P3,2021-05-12,1,367.45,Roupas
P4,2021-05-12,10,4573.06,Roupas
P5,2021-05-12,19,9337.16,Livros
P6,2021-05-12,4,477.19,Móveis
P7,2021-05-12,25,10888.55,Eletrônicos
P8,2021-05-12,6,381.96,Roupas
P9,2021-05-12,13,2741.64,Livros
P10,2021-05-12,9,3185.37,Móveis
P1,2021-05-13,10,3312.46,Eletrônicos
P2,2021-05-13,25,3138.76,Eletrônicos
P3,2021-05-13,7,2295.34,Roupas
P4,2021-05-13,8,2857.76,Roupas
P5,2021-05-13,1,432.6,Livros
P6,2021-05-13,4,1318.8,Móveis
P7,2021-05-13,13,1090.42,Eletrônicos
P8,2021-05-13,13,2236.39,Roupas
P9,2021-05-13,9,3453.33,Livros
P10,2021-05-13,8,2317.83,Móveis
P1,2021-05-14,2,611.98,Eletrônicos
P2,2021-05-14,21,2322.42,Eletrônicos
P3,2021-05-14,11,4814.87,Roupas
P4,2021-05-14,14,4314.03,Roupas
P5,2021-05-14,12,2103.01,Livros
P6,2021-05-14,14,6979.27,Móveis
P7,2021-05-14,2,477.21,Eletrônicos
P8,2021-05-14,7,1069.24,Roupas
P9,2021-05-14,20,4932.56,Livros
P10,2021-05-14,16,7584.92,Móveis
P1,2021-05-15,34,6244.95,Eletrônicos
P2,2021-05-15,2,990.31,Eletrônicos
P3,2021-05-15,4,1263.34,Roupas
P4,2021-05-15,3,1455.31,Roupas
P5,2021-05-15,10,1259.71,Livros
P6,2021-05-15,13,1100.33,Móveis
P7,2021-05-15,32,15698.18,Eletrônicos
P8,2021-05-15,21,8609.18,Roupas
P9,2021-05-15,38,4217.63,Livros
P10,2021-05-15,15,3899.03,Móveis
P1,2021-05-16,12,3326.41,Eletrônicos
P2,2021-05-16,4,305.74,Eletrônicos
P3,2021-05-16,1,342.66,Roupas
P4,2021-05-16,7,1175.17,Roupas
P5,2021-05-16,2,211.74,Livros
P6,2021-05-16,9,2984.2,Móveis
P7,2021-05-16,31,15015.15,Eletrônicos
P8,2021-05-16,8,3994.53,Roupas
P9,2021-05-16,16,7910.15,Livros
P10,2021-05-16,17,3110.74,Móveis
P1,2021-05-17,22,8386.53,Eletrônicos
P2,2021-05-17,9,1687.14,Eletrônicos
P3,2021-05-17,1,196.92,Roupas
P4,2021-05-17,11,4969.57,Roupas
P5,2021-05-17,4,1593.24,Livros
P6,2021-05-17,15,859.34,Móveis
P7,2021-05-17,2,646.56,Eletrônicos
P8,2021-05-17,6,1711.37,Roupas
P9,2021-05-17,5,798.24,Livros
P10,2021-05-17,9,2981.46,Móveis
P1,2021-05-18,8,1006.22,Eletrônicos
P2,2021-05-18,2,939.8,Eletrônicos
P3,2021-05-18,4,561.22,Roupas
P4,2021-05-18,8,2160.35,Roupas
P5,2021-05-18,3,321.09,Livros
P6,2021-05-18,10,3812.52,Móveis
P7,2021-05-18,19,5173.04,Eletrônicos
P8,2021-05-18,6,1062.07,Roupas
P9,2021-05-18,12,3773.26,Livros
P10,2021-05-18,14,3915.47,Móveis
P1,2021-05-19,11,4963.01,Eletrônicos
P2,2021-05-19,3,588.21,Eletrônicos
P3,2021-05-19,20,1860.8,Roupas
P4,2021-05-19,2,505.82,Roupas
P5,2021-05-19,11,4715.0,Livros
P6,2021-05-19,3,846.08,Móveis
P7,2021-05-19,6,2288.7,Eletrônicos
P8,2021-05-19,8,2277.46,Roupas
P9,2021-05-19,5,2147.07,Livros
P10,2021-05-19,9,4094.25,Móveis
P1,2021-05-20,20,8632.67,Eletrônicos
P2,2021-05-20,5,2261.49,Eletrônicos
P3,2021-05-20,5,260.14,Roupas
P4,2021-05-20,10,3679.58,Roupas
P5,2021-05-20,13,3311.76,Livros
P6,2021-05-20,1,338.64,Móveis
P7,2021-05-20,27,6317.33,Eletrônicos
P8,2021-05-20,15,2389.24,Roupas
P9,2021-05-20,25,6294.22,Livros
P10,2021-05-20,3,1433.95,Móveis
P1,2021-05-21,11,4625.71,Eletrônicos
P2,2021-05-21,3,1079.8,Eletrônicos
P3,2021-05-21,6,1009.89,Roupas
P4,2021-05-21,13,917.08,Roupas
P5,2021-05-21,25,12071.17,Livros
P6,2021-05-21,16,2149.68,Móveis
P7,2021-05-21,17,8439.14,Eletrônicos
P8,2021-05-21,18,3467.08,Roupas
P9,2021-05-21,11,2073.75,Livros
P10,2021-05-21,2,571.01,Móveis
P1,2021-05-22,9,3035.85,Eletrônicos
P2,2021-05-22,5,287.3,Eletrônicos
P3,2021-05-22,17,4135.24,Roupas
P4,2021-05-22,20,9450.75,Roupas
P5,2021-05-22,63,14073.22,Livros
P6,2021-05-22,13,3308.31,Móveis
P7,2021-05-22,29,8958.11,Eletrônicos
P8,2021-05-22,26,10000.6,Roupas
P9,2021-05-22,58,17315.29,Livros
P10,2021-05-22,22,4956.45,Móveis
P1,2021-05-23,14,3041.93,Eletrônicos
P2,2021-05-23,9,4453.0,Eletrônicos
P3,2021-05-23,2,318.64,Roupas
P4,2021-05-23,3,1215.63,Roupas
P5,2021-05-23,9,3224.24,Livros
P6,2021-05-23,38,15683.96,Móveis
P7,2021-05-23,22,10323.04,Eletrônicos
P8,2021-05-23,17,3466.02,Roupas
P9,2021-05-23,47,9412.47,Livros
P10,2021-05-23,10,1471.87,Móveis
P1,2021-05-24,17,1771.74,Eletrônicos
P2,2021-05-24,1,162.66,Eletrônicos
P3,2021-05-24,7,885.23,Roupas
P4,2021-05-24,11,3843.8,Roupas
P5,2021-05-24,21,2487.71,Livros
P6,2021-05-24,4,903.97,Móveis
P7,2021-05-24,3,909.23,Eletrônicos
P8,2021-05-24,13,2229.91,Roupas
P9,2021-05-24,2,470.8,Livros
P10,2021-05-24,16,7539.43,Móveis
P1,2021-05-25,12,1651.35,Eletrônicos
P2,2021-05-25,3,1300.77,Eletrônicos
P3,2021-05-25,8,2113.19,Roupas
P4,2021-05-25,3,363.57,Roupas
P5,2021-05-25,9,2783.4,Livros
P6,2021-05-25,19,8313.23,Móveis
P7,2021-05-25,16,7452.89,Eletrônicos
P8,2021-05-25,7,3094.87,Roupas
P9,2021-05-25,7,1320.61,Livros
P10,2021-05-25,8,635.01,Móveis
P1,2021-05-26,10,609.79,Eletrônicos
P2,2021-05-26,11,4633.58,Eletrônicos
P3,2021-05-26,1,455.92,Roupas
P4,2021-05-26,3,650.5,Roupas
P5,2021-05-26,12,723.82,Livros
P6,2021-05-26,12,4126.21,Móveis
P7,2021-05-26,7,1875.61,Eletrônicos
P8,2021-05-26,2,267.65,Roupas
P9,2021-05-26,2,276.58,Livros
P10,2021-05-26,20,3744.31,Móveis
P1,2021-05-27,23,5915.91,Eletrônicos
P2,2021-05-27,2,584.71,Eletrônicos
P3,2021-05-27,7,2846.71,Roupas
P4,2021-05-27,16,7884.44,Roupas
P5,2021-05-27,22,3237.47,Livros
P6,2021-05-27,1,387.73,Móveis
P7,2021-05-27,3,852.23,Eletrônicos
P8,2021-05-27,23,6014.86,Roupas
P9,2021-05-27,7,2104.2,Livros
P10,2021-05-27,9,3684.69,Móveis
P1,2021-05-28,2,821.29,Eletrônicos
P2,2021-05-28,13,1642.5,Eletrônicos
P3,2021-05-28,13,5214.19,Roupas
P4,2021-05-28,6,605.46,Roupas
P5,2021-05-28,10,747.43,Livros
P6,2021-05-28,27,6082.08,Móveis
P7,2021-05-28,1,205.57,Eletrônicos
P8,2021-05-28,6,1702.66,Roupas
P9,2021-05-28,7,989.8,Livros
P10,2021-05-28,22,2113.37,Móveis
P1,2021-05-29,41,12971.67,Eletrônicos
P2,2021-05-29,17,1260.17,Eletrônicos
P3,2021-05-29,17,5769.0,Roupas
P4,2021-05-29,34,13405.78,Roupas
P5,2021-05-29,36,5132.41,Livros
P6,2021-05-29,15,1523.3,Móveis
P7,2021-05-29,4,1255.4,Eletrônicos
P8,2021-05-29,5,859.0,Roupas
P9,2021-05-29,37,6448.8,Livros
P10,2021-05-29,6,2718.53,Móveis
P1,2021-05-30,43,11740.72,Eletrônicos
P2,2021-05-30,4,679.29,Eletrônicos
P3,2021-05-30,60,21847.09,Roupas
P4,2021-05-30,7,1390.7,Roupas
P5,2021-05-30,9,897.57,Livros
P6,2021-05-30,12,4115.2,Móveis
P7,2021-05-30,11,4183.91,Eletrônicos
P8,2021-05-30,12,2800.26,Roupas
P9,2021-05-30,18,3552.97,Livros
P10,2021-05-30,10,2125.02,Móveis
P1,2021-05-31,18,4105.28,Eletrônicos
P2,2021-05-31,11,2121.52,Eletrônicos
P3,2021-05-31,6,1333.59,Roupas
P4,2021-05-31,4,1074.06,Roupas
P5,2021-05-31,22,1168.18,Livros
P6,2021-05-31,9,2245.68,Móveis
P7,2021-05-31,4,284.06,Eletrônicos
P8,2021-05-31,13,4635.02,Roupas
P9,2021-05-31,15,3047.49,Livros
P10,2021-05-31,8,783.02,Móveis
P1,2021-06-01,10,782.63,Eletrônicos
P2,2021-06-01,18,6014.43,Eletrônicos
P3,2021-06-01,1,99.1,Roupas
P4,2021-06-01,1,497.57,Roupas
P5,2021-06-01,16,1640.86,Livros
P6,2021-06-01,30,10804.65,Móveis
P7,2021-06-01,20,1632.98,Eletrônicos
P8,2021-06-01,24,3509.48,Roupas
P9,2021-06-01,18,7977.86,Livros
P10,2021-06-01,14,5427.9,Móveis
P1,2021-06-02,12,3016.36,Eletrônicos
P2,2021-06-02,18,943.1,Eletrônicos
P3,2021-06-02,25,5546.93,Roupas
P4,2021-06-02,1,243.22,Roupas
P5,2021-06-02,3,1243.78,Livros
P6,2021-06-02,24,11903.8,Móveis
P7,2021-06-02,12,3801.43,Eletrônicos
P8,2021-06-02,16,2040.73,Roupas
P9,2021-06-02,13,4854.06,Livros
P10,2021-06-02,11,2859.01,Móveis
P1,2021-06-03,12,1315.43,Eletrônicos
P2,2021-06-03,21,4655.47,Eletrônicos
P3,2021-06-03,1,250.29,Roupas
P4,2021-06-03,15,4771.87,Roupas
P5,2021-06-03,31,8806.99,Livros
P6,2021-06-03,5,1593.58,Móveis
P7,2021-06-03,2,311.17,Eletrônicos
P8,2021-06-03,32,4600.28,Roupas
P9,2021-06-03,7,635.29,Livros
P10,2021-06-03,9,2767.83,Móveis
P1,2021-06-04,11,2258.04,Eletrônicos
P2,2021-06-04,4,686.04,Eletrônicos
P3,2021-06-04,13,3971.69,Roupas
P4,2021-06-04,23,2311.75,Roupas
P5,2021-06-04,4,1592.15,Livros
P6,2021-06-04,15,867.78,Móveis
P7,2021-06-04,2,683.67,Eletrônicos
P8,2021-06-04,18,3941.38,Roupas
P9,2021-06-04,33,14055.92,Livros
P10,2021-06-04,9,3261.96,Móveis
P1,2021-06-05,44,12463.33,Eletrônicos
P2,2021-06-05,32,2456.0,Eletrônicos
P3,2021-06-05,25,10654.85,Roupas
P4,2021-06-05,10,1039.23,Roupas
P5,2021-06-05,2,797.57,Livros
P6,2021-06-05,32,13956.9,Móveis
P7,2021-06-05,25,9730.24,Eletrônicos
P8,2021-06-05,14,3859.74,Roupas
P9,2021-06-05,36,9617.42,Livros
P10,2021-06-05,7,3302.19,Móveis
P1,2021-06-06,47,15785.31,Eletrônicos
P2,2021-06-06,27,11162.81,Eletrônicos
P3,2021-06-06,42,14982.07,Roupas
P4,2021-06-06,42,5343.97,Roupas
P5,2021-06-06,14,4319.73,Livros
P6,2021-06-06,59,15131.11,Móveis
P7,2021-06-06,3,759.62,Eletrônicos
P8,2021-06-06,27,1559.54,Roupas
P9,2021-06-06,5,762.82,Livros
P10,2021-06-06,16,4667.46,Móveis
P1,2021-06-07,11,3641.66,Eletrônicos
P2,2021-06-07,21,7115.25,Eletrônicos
P3,2021-06-07,11,5268.62,Roupas
P4,2021-06-07,1,60.92,Roupas
P5,2021-06-07,21,3641.31,Livros
P6,2021-06-07,11,4114.25,Móveis
P7,2021-06-07,24,4094.58,Eletrônicos
P8,2021-06-07,35,7191.24,Roupas
P9,2021-06-07,23,4401.91,Livros
P10,2021-06-07,14,5354.11,Móveis
P1,2021-06-08,21,6633.49,Eletrônicos
P2,2021-06-08,11,3088.5,Eletrônicos
P3,2021-06-08,9,2697.92,Roupas
P4,2021-06-08,24,11226.29,Roupas
P5,2021-06-08,15,7192.22,Livros
P6,2021-06-08,6,2516.07,Móveis
P7,2021-06-08,18,2430.67,Eletrônicos
P8,2021-06-08,19,1663.08,Roupas
P9,2021-06-08,12,5748.06,Livros
P10,2021-06-08,18,3196.13,Móveis
P1,2021-06-09,30,9916.75,Eletrônicos
P2,2021-06-09,39,16724.41,Eletrônicos
P3,2021-06-09,4,896.88,Roupas
P4,2021-06-09,22,3491.98,Roupas
P5,2021-06-09,9,694.44,Livros
P6,2021-06-09,23,2900.84,Móveis
P7,2021-06-09,21,7823.0,Eletrônicos
P8,2021-06-09,15,6345.85,Roupas
P9,2021-06-09,28,9319.47,Livros
P10,2021-06-09,10,1935.47,Móveis
P1,2021-06-10,21,6194.33,Eletrônicos
P2,2021-06-10,4,1102.61,Eletrônicos
P3,2021-06-10,19,2432.06,Roupas
P4,2021-06-10,23,10125.7,Roupas
P5,2021-06-10,19,8068.72,Livros
P6,2021-06-10,18,1007.08,Móveis
P7,2021-06-10,21,4286.42,Eletrônicos
P8,2021-06-10,5,768.73,Roupas
P9,2021-06-10,5,1814.38,Livros
P10,2021-06-10,23,4119.53,Móveis
P1,2021-06-11,27,7889.93,Eletrônicos
P2,2021-06-11,23,1273.77,Eletrônicos
P3,2021-06-11,5,2178.36,Roupas
P4,2021-06-11,16,1574.69,Roupas
P5,2021-06-11,13,4386.75,Livros
P6,2021-06-11,22,9028.9,Móveis
P7,2021-06-11,31,13900.44,Eletrônicos
P8,2021-06-11,23,7998.6,Roupas
P9,2021-06-11,34,11767.61,Livros
P10,2021-06-11,35,14486.1,Móveis
P1,2021-06-12,24,11534.61,Eletrônicos
P2,2021-06-12,7,790.03,Eletrônicos
P3,2021-06-12,29,5085.72,Roupas
P4,2021-06-12,4,365.56,Roupas
P5,2021-06-12,6,1001.37,Livros
P6,2021-06-12,42,19853.89,Móveis
P7,2021-06-12,43,11298.55,Eletrônicos
P8,2021-06-12,7,2815.01,Roupas
P9,2021-06-12,57,28048.87,Livros
P10,2021-06-12,6,425.93,Móveis
P1,2021-06-13,43,4894.05,Eletrônicos
P2,2021-06-13,23,9437.06,Eletrônicos
P3,2021-06-13,36,7689.29,Roupas
P4,2021-06-13,11,2184.32,Roupas
P5,2021-06-13,2,645.45,Livros
P6,2021-06-13,57,9184.99,Móveis
P7,2021-06-13,35,3328.59,Eletrônicos
P8,2021-06-13,37,5474.09,Roupas
P9,2021-06-13,28,9052.47,Livros
P10,2021-06-13,31,8762.27,Móveis
P1,2021-06-14,6,1812.84,Eletrônicos
P2,2021-06-14,1,198.54,Eletrônicos
P3,2021-06-14,25,7205.95,Roupas
P4,2021-06-14,34,11909.67,Roupas
P5,2021-06-14,30,5128.05,Livros
P6,2021-06-14,14,3403.6,Móveis
P7,2021-06-14,3,1121.97,Eletrônicos
P8,2021-06-14,16,6838.75,Roupas
P9,2021-06-14,33,14714.18,Livros
P10,2021-06-14,12,4946.42,Móveis
P1,2021-06-15,15,5211.53,Eletrônicos
P2,2021-06-15,26,6351.41,Eletrônicos
P3,2021-06-15,16,6769.55,Roupas
P4,2021-06-15,12,1988.63,Roupas
P5,2021-06-15,38,13067.62,Livros
P6,2021-06-15,3,958.22,Móveis
P7,2021-06-15,19,1666.02,Eletrônicos
P8,2021-06-15,28,9110.25,Roupas
P9,2021-06-15,8,2429.11,Livros
P10,2021-06-15,30,12160.92,Móveis
P1,2021-06-16,11,855.97,Eletrônicos
P2,2021-06-16,28,6670.69,Eletrônicos
P3,2021-06-16,29,7209.72,Roupas
P4,2021-06-16,21,8465.4,Roupas
P5,2021-06-16,19,7319.62,Livros
P6,2021-06-16,30,5929.0,Móveis
P7,2021-06-16,18,5102.1,Eletrônicos
P8,2021-06-16,27,7732.51,Roupas
P9,2021-06-16,27,10015.0,Livros
P10,2021-06-16,10,686.81,Móveis
P1,2021-06-17,31,7873.98,Eletrônicos
P2,2021-06-17,15,4028.78,Eletrônicos
P3,2021-06-17,29,1807.82,Roupas
P4,2021-06-17,23,5521.92,Roupas
P5,2021-06-17,17,6271.32,Livros
P6,2021-06-17,9,2087.99,Móveis
P7,2021-06-17,8,1791.34,Eletrônicos
P8,2021-06-17,30,4471.03,Roupas
P9,2021-06-17,20,5216.37,Livros
P10,2021-06-17,12,2415.82,Móveis
P1,2021-06-18,25,5812.73,Eletrônicos
P2,2021-06-18,15,5045.6,Eletrônicos
P3,2021-06-18,39,18216.38,Roupas
P4,2021-06-18,21,2357.06,Roupas
P5,2021-06-18,33,4201.78,Livros
P6,2021-06-18,10,3475.71,Móveis
P7,2021-06-18,17,3821.08,Eletrônicos
P8,2021-06-18,15,3439.66,Roupas
P9,2021-06-18,11,4655.66,Livros
P10,2021-06-18,8,2284.22,Móveis
P1,2021-06-19,50,7468.57,Eletrônicos
P2,2021-06-19,31,7626.76,Eletrônicos
P3,2021-06-19,13,5490.64,Roupas
P4,2021-06-19,44,19009.48,Roupas
P5,2021-06-19,19,2467.34,Livros
P6,2021-06-19,18,7528.86,Móveis
P7,2021-06-19,21,10439.66,Eletrônicos
P8,2021-06-19,62,6124.63,Roupas
P9,2021-06-19,36,8902.62,Livros
P10,2021-06-19,7,1966.79,Móveis
P1,2021-06-20,23,3763.88,Eletrônicos
P2,2021-06-20,73,10071.96,Eletrônicos
P3,2021-06-20,10,4200.36,Roupas
P4,2021-06-20,24,7393.42,Roupas
P5,2021-06-20,52,24257.61,Livros
P6,2021-06-20,49,11206.92,Móveis
P7,2021-06-20,33,12406.88,Eletrônicos
P8,2021-06-20,50,10582.57,Roupas
P9,2021-06-20,39,9270.37,Livros
P10,2021-06-20,29,7903.39,Móveis
P1,2021-06-21,21,8133.39,Eletrônicos
P2,2021-06-21,25,5515.51,Eletrônicos
P3,2021-06-21,23,9390.25,Roupas
P4,2021-06-21,3,850.11,Roupas
P5,2021-06-21,5,1883.25,Livros
P6,2021-06-21,4,909.53,Móveis
P7,2021-06-21,11,2532.13,Eletrônicos
P8,2021-06-21,31,9463.98,Roupas
P9,2021-06-21,21,9776.01,Livros
P10,2021-06-21,25,11136.43,Móveis
P1,2021-06-22,15,3318.69,Eletrônicos
P2,2021-06-22,3,1063.77,Eletrônicos
P3,2021-06-22,8,3449.29,Roupas
P4,2021-06-22,25,1254.8,Roupas
P5,2021-06-22,11,5137.18,Livros
P6,2021-06-22,9,3060.92,Móveis
P7,2021-06-22,13,3975.52,Eletrônicos
P8,2021-06-22,15,3382.75,Roupas
P9,2021-06-22,3,164.65,Livros
P10,2021-06-22,13,6211.01,Móveis
P1,2021-06-23,7,3478.49,Eletrônicos
P2,2021-06-23,8,1014.08,Eletrônicos
P3,2021-06-23,11,4359.99,Roupas
P4,2021-06-23,9,3390.89,Roupas
P5,2021-06-23,27,7812.2,Livros
P6,2021-06-23,24,5841.96,Móveis
P7,2021-06-23,17,2454.26,Eletrônicos
P8,2021-06-23,1,79.45,Roupas
P9,2021-06-23,7,686.84,Livros
P10,2021-06-23,6,876.21,Móveis
P1,2021-06-24,15,3098.99,Eletrônicos
P2,2021-06-24,10,574.13,Eletrônicos
P3,2021-06-24,34,5034.02,Roupas
P4,2021-06-24,25,7967.19,Roupas
P5,2021-06-24,7,1864.05,Livros
P6,2021-06-24,26,8263.72,Móveis
P7,2021-06-24,15,3928.11,Eletrônicos
P8,2021-06-24,14,1262.31,Roupas
P9,2021-06-24,3,196.58,Livros
P10,2021-06-24,35,6949.13,Móveis
P1,2021-06-25,27,8985.3,Eletrônicos
P2,2021-06-25,36,7326.46,Eletrônicos
P3,2021-06-25,5,696.98,Roupas
P4,2021-06-25,31,8187.87,Roupas
P5,2021-06-25,14,6031.64,Livros
P6,2021-06-25,19,2969.04,Móveis
P7,2021-06-25,7,587.19,Eletrônicos
P8,2021-06-25,10,1589.2,Roupas
P9,2021-06-25,33,13747.92,Livros
P10,2021-06-25,6,1339.09,Móveis
P1,2021-06-26,20,2018.33,Eletrônicos
P2,2021-06-26,56,9977.42,Eletrônicos
P3,2021-06-26,86,13955.28,Roupas
P4,2021-06-26,64,22852.36,Roupas
P5,2021-06-26,2,538.21,Livros
P6,2021-06-26,61,10376.68,Móveis
P7,2021-06-26,16,3190.49,Eletrônicos
P8,2021-06-26,23,9911.53,Roupas
P9,2021-06-26,12,1075.51,Livros
P10,2021-06-26,50,5570.45,Móveis
P1,2021-06-27,4,1305.0,Eletrônicos
P2,2021-06-27,63,22477.07,Eletrônicos
P3,2021-06-27,20,5783.39,Roupas
P4,2021-06-27,7,1399.29,Roupas
P5,2021-06-27,12,3546.51,Livros
P6,2021-06-27,55,7186.79,Móveis
P7,2021-06-27,49,11430.05,Eletrônicos
P8,2021-06-27,29,9526.45,Roupas
P9,2021-06-27,9,728.88,Livros
P10,2021-06-27,11,4087.06,Móveis
P1,2021-06-28,17,5365.43,Eletrônicos
P2,2021-06-28,22,3033.93,Eletrônicos
P3,2021-06-28,13,6254.4,Roupas
P4,2021-06-28,15,4670.02,Roupas
P5,2021-06-28,7,2258.72,Livros
P6,2021-06-28,16,5455.2,Móveis
P7,2021-06-28,24,6104.52,Eletrônicos
P8,2021-06-28,1,315.79,Roupas
P9,2021-06-28,16,7915.52,Livros
P10,2021-06-28,24,5896.25,Móveis
P1,2021-06-29,15,2942.99,Eletrônicos
P2,2021-06-29,3,261.66,Eletrônicos
P3,2021-06-29,15,2893.28,Roupas
P4,2021-06-29,20,9100.66,Roupas
P5,2021-06-29,26,4953.25,Livros
P6,2021-06-29,6,1969.28,Móveis
P7,2021-06-29,8,3711.4,Eletrônicos
P8,2021-06-29,17,1873.19,Roupas
P9,2021-06-29,22,8635.51,Livros
P10,2021-06-29,29,11715.44,Móveis
P1,2021-06-30,24,1407.26,Eletrônicos
P2,2021-06-30,18,8068.8,Eletrônicos
P3,2021-06-30,23,2584.43,Roupas
P4,2021-06-30,5,879.16,Roupas
P5,2021-06-30,28,6443.84,Livros
P6,2021-06-30,28,6157.84,Móveis
P7,2021-06-30,15,6681.08,Eletrônicos
P8,2021-06-30,2,730.0,Roupas
P9,2021-06-30,31,5309.51,Livros
P10,2021-06-30,18,5828.22,Móveis
P1,2021-07-01,4,1248.58,Eletrônicos
P2,2021-07-01,3,1152.26,Eletrônicos
P3,2021-07-01,17,5258.13,Roupas
P4,2021-07-01,14,4808.04,Roupas
P5,2021-07-01,19,1011.35,Livros
P6,2021-07-01,19,6743.54,Móveis
P7,2021-07-01,21,9266.81,Eletrônicos
P8,2021-07-01,7,2240.36,Roupas
P9,2021-07-01,16,1467.66,Livros
P10,2021-07-01,36,12975.04,Móveis
P1,2021-07-02,23,1482.91,Eletrônicos
P2,2021-07-02,9,590.33,Eletrônicos
P3,2021-07-02,9,904.52,Roupas
P4,2021-07-02,17,6884.07,Roupas
P5,2021-07-02,25,6702.67,Livros
P6,2021-07-02,15,2814.35,Móveis
P7,2021-07-02,8,1293.91,Eletrônicos
P8,2021-07-02,19,6058.07,Roupas
P9,2021-07-02,21,9427.36,Livros
P10,2021-07-02,11,2607.38,Móveis
P1,2021-07-03,50,23563.26,Eletrônicos
P2,2021-07-03,41,12065.17,Eletrônicos
P3,2021-07-03,35,15948.2,Roupas
P4,2021-07-03,63,31228.29,Roupas
P5,2021-07-03,13,5850.95,Livros
P6,2021-07-03,10,947.25,Móveis
P7,2021-07-03,29,8517.6,Eletrônicos
P8,2021-07-03,30,6913.27,Roupas
P9,2021-07-03,7,2872.71,Livros
P10,2021-07-03,2,765.68,Móveis
P1,2021-07-04,14,3350.05,Eletrônicos
P2,2021-07-04,30,10321.19,Eletrônicos
P3,2021-07-04,52,10984.78,Roupas
P4,2021-07-04,3,823.13,Roupas
P5,2021-07-04,59,27327.11,Livros
P6,2021-07-04,55,6193.59,Móveis
P7,2021-07-04,64,10440.07,Eletrônicos
P8,2021-07-04,7,539.68,Roupas
P9,2021-07-04,34,3296.38,Livros
P10,2021-07-04,4,625.28,Móveis
P1,2021-07-05,1,475.18,Eletrônicos
P2,2021-07-05,13,4047.29,Eletrônicos
P3,2021-07-05,25,3319.21,Roupas
P4,2021-07-05,11,1329.53,Roupas
P5,2021-07-05,20,4195.23,Livros
P6,2021-07-05,18,5640.29,Móveis
P7,2021-07-05,13,2265.17,Eletrônicos
P8,2021-07-05,16,1438.01,Roupas
P9,2021-07-05,27,10227.48,Livros
P10,2021-07-05,19,1193.72,Móveis
P1,2021-07-06,24,11757.19,Eletrônicos
P2,2021-07-06,13,4963.86,Eletrônicos
P3,2021-07-06,24,2235.66,Roupas
P4,2021-07-06,3,612.64,Roupas
P5,2021-07-06,7,1594.73,Livros
P6,2021-07-06,25,10117.16,Móveis
P7,2021-07-06,12,4500.89,Eletrônicos
P8,2021-07-06,24,9875.26,Roupas
P9,2021-07-06,1,229.12,Livros
P10,2021-07-06,6,1305.79,Móveis
P1,2021-07-07,2,144.36,Eletrônicos
P2,2021-07-07,6,774.57,Eletrônicos
P3,2021-07-07,6,626.5,Roupas
P4,2021-07-07,26,4458.92,Roupas
P5,2021-07-07,36,4881.04,Livros
P6,2021-07-07,17,3978.66,Móveis
P7,2021-07-07,14,1300.27,Eletrônicos
P8,2021-07-07,33,1990.7,Roupas
P9,2021-07-07,18,8920.49,Livros
P10,2021-07-07,27,9193.56,Móveis
P1,2021-07-08,3,1359.04,Eletrônicos
P2,2021-07-08,29,3237.4,Eletrônicos
P3,2021-07-08,26,2946.16,Roupas
P4,2021-07-08,6,2138.6,Roupas
P5,2021-07-08,6,2707.34,Livros
P6,2021-07-08,26,11517.44,Móveis
P7,2021-07-08,1,110.12,Eletrônicos
P8,2021-07-08,21,8553.15,Roupas
P9,2021-07-08,7,1306.67,Livros
P10,2021-07-08,37,5763.66,Móveis
P1,2021-07-09,1,377.24,Eletrônicos
P2,2021-07-09,3,469.84,Eletrônicos
P3,2021-07-09,22,7678.21,Roupas
P4,2021-07-09,21,1859.51,Roupas
P5,2021-07-09,19,6376.31,Livros
P6,2021-07-09,14,2429.64,Móveis
P7,2021-07-09,20,7687.29,Eletrônicos
P8,2021-07-09,13,4362.16,Roupas
P9,2021-07-09,14,5786.6,Livros
P10,2021-07-09,7,2239.37,Móveis
P1,2021-07-10,24,1909.13,Eletrônicos
P2,2021-07-10,54,6560.3,Eletrônicos
P3,2021-07-10,40,3082.19,Roupas
P4,2021-07-10,58,7246.26,Roupas
P5,2021-07-10,19,3883.15,Livros
P6,2021-07-10,58,7557.86,Móveis
P7,2021-07-10,39,3590.79,Eletrônicos
P8,2021-07-10,11,4916.2,Roupas
P9,2021-07-10,7,3335.45,Livros
P10,2021-07-10,65,24469.15,Móveis
P1,2021-07-11,54,25744.15,Eletrônicos
P2,2021-07-11,33,5059.81,Eletrônicos
P3,2021-07-11,65,17133.74,Roupas
P4,2021-07-11,22,9488.38,Roupas
P5,2021-07-11,9,1803.12,Livros
P6,2021-07-11,16,4778.79,Móveis
P7,2021-07-11,33,5880.33,Eletrônicos
P8,2021-07-11,14,5487.91,Roupas
P9,2021-07-11,77,36751.6,Livros
P10,2021-07-11,43,12645.64,Móveis
P1,2021-07-12,28,2809.02,Eletrônicos
P2,2021-07-12,16,2250.52,Eletrônicos
P3,2021-07-12,17,5172.56,Roupas
P4,2021-07-12,9,1685.03,Roupas
P5,2021-07-12,5,1398.3,Livros
P6,2021-07-12,30,13327.2,Móveis
P7,2021-07-12,12,3292.33,Eletrônicos
P8,2021-07-12,14,6685.66,Roupas
P9,2021-07-12,28,3443.64,Livros
P10,2021-07-12,22,4179.7,Móveis
P1,2021-07-13,12,1351.06,Eletrônicos
P2,2021-07-13,23,7765.37,Eletrônicos
P3,2021-07-13,23,3643.6,Roupas
P4,2021-07-13,9,1789.46,Roupas
P5,2021-07-13,1,405.33,Livros
P6,2021-07-13,35,9303.54,Móveis
P7,2021-07-13,27,5290.98,Eletrônicos
P8,2021-07-13,12,4693.23,Roupas
P9,2021-07-13,13,5850.92,Livros
P10,2021-07-13,28,10490.37,Móveis
P1,2021-07-14,2,185.79,Eletrônicos
P2,2021-07-14,29,4985.97,Eletrônicos
P3,2021-07-14,23,7002.84,Roupas
P4,2021-07-14,11,3168.48,Roupas
P5,2021-07-14,8,3020.04,Livros
P6,2021-07-14,2,376.51,Móveis
P7,2021-07-14,12,1541.97,Eletrônicos
P8,2021-07-14,24,4789.13,Roupas
P9,2021-07-14,14,6744.47,Livros
P10,2021-07-14,1,386.99,Móveis
P1,2021-07-15,24,5416.48,Eletrônicos
P2,2021-07-15,10,1746.76,Eletrônicos
P3,2021-07-15,2,442.05,Roupas
P4,2021-07-15,30,12924.98,Roupas
P5,2021-07-15,18,6340.65,Livros
P6,2021-07-15,22,1452.92,Móveis
P7,2021-07-15,8,2890.66,Eletrônicos
P8,2021-07-15,9,643.81,Roupas
P9,2021-07-15,1,75.63,Livros
P10,2021-07-15,5,1704.76,Móveis
P1,2021-07-16,25,7634.6,Eletrônicos
P2,2021-07-16,12,5246.97,Eletrônicos
P3,2021-07-16,12,4689.59,Roupas
P4,2021-07-16,8,707.27,Roupas
P5,2021-07-16,11,4731.48,Livros
P6,2021-07-16,18,6887.27,Móveis
P7,2021-07-16,11,1221.96,Eletrônicos
P8,2021-07-16,4,1672.68,Roupas
P9,2021-07-16,23,9563.98,Livros
P10,2021-07-16,1,440.16,Móveis
P1,2021-07-17,16,3477.91,Eletrônicos
P2,2021-07-17,33,15240.02,Eletrônicos
P3,2021-07-17,54,25934.17,Roupas
P4,2021-07-17,16,7311.09,Roupas
P5,2021-07-17,36,13443.6,Livros
P6,2021-07-17,2,150.15,Móveis
P7,2021-07-17,59,10950.92,Eletrônicos
P8,2021-07-17,25,6068.6,Roupas
P9,2021-07-17,6,2219.86,Livros
P10,2021-07-17,47,2782.29,Móveis
P1,2021-07-18,17,7702.21,Eletrônicos
P2,2021-07-18,20,9318.6,Eletrônicos
P3,2021-07-18,50,11787.38,Roupas
P4,2021-07-18,9,1259.79,Roupas
P5,2021-07-18,30,3779.47,Livros
P6,2021-07-18,6,1486.76,Móveis
P7,2021-07-18,10,2024.6,Eletrônicos
P8,2021-07-18,56,3030.7,Roupas
P9,2021-07-18,22,5645.24,Livros
P10,2021-07-18,55,22365.8,Móveis
P1,2021-07-19,2,225.22,Eletrônicos
P2,2021-07-19,16,6486.69,Eletrônicos
P3,2021-07-19,39,17798.19,Roupas
P4,2021-07-19,26,7425.19,Roupas
P5,2021-07-19,23,6099.78,Livros
P6,2021-07-19,30,6170.57,Móveis
P7,2021-07-19,19,3487.01,Eletrônicos
P8,2021-07-19,4,448.05,Roupas
P9,2021-07-19,28,13720.64,Livros
P10,2021-07-19,18,6308.19,Móveis
P1,2021-07-20,1,154.96,Eletrônicos
P2,2021-07-20,11,4607.26,Eletrônicos
P3,2021-07-20,20,2341.92,Roupas
P4,2021-07-20,1,162.78,Roupas
P5,2021-07-20,21,2291.55,Livros
P6,2021-07-20,3,649.31,Móveis
P7,2021-07-20,18,1288.9,Eletrônicos
P8,2021-07-20,26,1358.8,Roupas
P9,2021-07-20,12,4383.88,Livros
P10,2021-07-20,30,12479.19,Móveis
P1,2021-07-21,15,3815.8,Eletrônicos
P2,2021-07-21,23,6043.78,Eletrônicos
P3,2021-07-21,32,3116.98,Roupas
P4,2021-07-21,12,2274.5,Roupas
P5,2021-07-21,24,8175.36,Livros
P6,2021-07-21,23,7334.13,Móveis
P7,2021-07-21,15,1883.42,Eletrônicos
P8,2021-07-21,27,12369.05,Roupas
P9,2021-07-21,3,587.67,Livros
P10,2021-07-21,5,1911.19,Móveis
P1,2021-07-22,21,3322.77,Eletrônicos
P2,2021-07-22,39,17965.24,Eletrônicos
P3,2021-07-22,21,9984.46,Roupas
P4,2021-07-22,32,14044.15,Roupas
P5,2021-07-22,8,758.34,Livros
P6,2021-07-22,12,5084.68,Móveis
P7,2021-07-22,24,3233.15,Eletrônicos
P8,2021-07-22,10,2668.41,Roupas
P9,2021-07-22,28,10075.97,Livros
P10,2021-07-22,27,4409.1,Móveis
P1,2021-07-23,27,6919.8,Eletrônicos
P2,2021-07-23,4,1710.68,Eletrônicos
P3,2021-07-23,6,2326.69,Roupas
P4,2021-07-23,8,2431.95,Roupas
P5,2021-07-23,4,317.6,Livros
P6,2021-07-23,18,1316.89,Móveis
P7,2021-07-23,8,2565.59,Eletrônicos
P8,2021-07-23,17,4901.32,Roupas
P9,2021-07-23,21,7359.37,Livros
P10,2021-07-23,26,2093.21,Móveis
P1,2021-07-24,27,13335.36,Eletrônicos
P2,2021-07-24,23,1930.13,Eletrônicos
P3,2021-07-24,22,4635.23,Roupas
P4,2021-07-24,26,12090.92,Roupas
P5,2021-07-24,14,6184.05,Livros
P6,2021-07-24,37,9884.67,Móveis
P7,2021-07-24,5,2483.12,Eletrônicos
P8,2021-07-24,3,969.97,Roupas
P9,2021-07-24,3,1113.89,Livros
P10,2021-07-24,63,24680.54,Móveis
P1,2021-07-25,35,8764.73,Eletrônicos
P2,2021-07-25,30,3794.46,Eletrônicos
P3,2021-07-25,54,6019.62,Roupas
P4,2021-07-25,23,10302.47,Roupas
P5,2021-07-25,8,3886.63,Livros
P6,2021-07-25,12,5609.82,Móveis
P7,2021-07-25,49,17329.3,Eletrônicos
P8,2021-07-25,23,4734.32,Roupas
P9,2021-07-25,70,27900.72,Livros
P10,2021-07-25,24,4985.39,Móveis
P1,2021-07-26,9,3662.65,Eletrônicos
P2,2021-07-26,6,2066.33,Eletrônicos
P3,2021-07-26,1,462.89,Roupas
P4,2021-07-26,9,1121.97,Roupas
P5,2021-07-26,27,5751.58,Livros
P6,2021-07-26,19,4779.04,Móveis
P7,2021-07-26,21,8186.62,Eletrônicos
P8,2021-07-26,1,465.97,Roupas
P9,2021-07-26,18,3729.7,Livros
P10,2021-07-26,29,6400.23,Móveis
P1,2021-07-27,9,2727.9,Eletrônicos
P2,2021-07-27,14,1840.1,Eletrônicos
P3,2021-07-27,4,305.52,Roupas
P4,2021-07-27,22,7620.31,Roupas
P5,2021-07-27,3,822.81,Livros
P6,2021-07-27,13,4684.15,Móveis
P7,2021-07-27,16,5183.97,Eletrônicos
P8,2021-07-27,3,1288.52,Roupas
P9,2021-07-27,8,3163.83,Livros
P10,2021-07-27,17,7283.64,Móveis
P1,2021-07-28,10,4825.88,Eletrônicos
P2,2021-07-28,26,6275.54,Eletrônicos
P3,2021-07-28,31,2921.09,Roupas
P4,2021-07-28,27,11306.63,Roupas
P5,2021-07-28,22,1589.57,Livros
P6,2021-07-28,13,3571.63,Móveis
P7,2021-07-28,10,1001.23,Eletrônicos
P8,2021-07-28,1,450.72,Roupas
P9,2021-07-28,21,10173.24,Livros
P10,2021-07-28,7,3319.67,Móveis
P1,2021-07-29,8,2452.62,Eletrônicos
P2,2021-07-29,26,2666.77,Eletrônicos
P3,2021-07-29,21,6964.1,Roupas
P4,2021-07-29,8,1569.1,Roupas
P5,2021-07-29,9,3768.77,Livros
P6,2021-07-29,15,3311.62,Móveis
P7,2021-07-29,4,1263.9,Eletrônicos
P8,2021-07-29,2,587.65,Roupas
P9,2021-07-29,5,1123.29,Livros
P10,2021-07-29,20,5088.31,Móveis
P1,2021-07-30,20,2020.14,Eletrônicos
P2,2021-07-30,14,4566.29,Eletrônicos
P3,2021-07-30,31,14631.48,Roupas
P4,2021-07-30,24,4467.12,Roupas
P5,2021-07-30,23,8944.49,Livros
P6,2021-07-30,15,771.88,Móveis
P7,2021-07-30,16,2804.84,Eletrônicos
P8,2021-07-30,9,670.49,Roupas
P9,2021-07-30,5,2431.38,Livros
P10,2021-07-30,25,2764.04,Móveis
P1,2021-07-31,75,30750.26,Eletrônicos
P2,2021-07-31,53,25607.9,Eletrônicos
P3,2021-07-31,39,12771.51,Roupas
P4,2021-07-31,60,18884.53,Roupas
P5,2021-07-31,11,2783.31,Livros
P6,2021-07-31,18,3666.35,Móveis
P7,2021-07-31,25,11348.6,Eletrônicos
P8,2021-07-31,16,3023.7,Roupas
P9,2021-07-31,24,5410.57,Livros
P10,2021-07-31,53,12376.52,Móveis
P1,2021-08-01,11,2048.8,Eletrônicos
P2,2021-08-01,1,341.75,Eletrônicos
P3,2021-08-01,32,13194.43,Roupas
P4,2021-08-01,4,1334.91,Roupas
P5,2021-08-01,1,194.75,Livros
P6,2021-08-01,2,302.21,Móveis
P7,2021-08-01,21,5842.31,Eletrônicos
P8,2021-08-01,31,14720.5,Roupas
P9,2021-08-01,27,6861.67,Livros
P10,2021-08-01,30,13788.74,Móveis
P1,2021-08-02,7,3418.82,Eletrônicos
P2,2021-08-02,4,934.03,Eletrônicos
P3,2021-08-02,21,7488.75,Roupas
P4,2021-08-02,17,4913.23,Roupas
P5,2021-08-02,2,236.42,Livros
P6,2021-08-02,10,2704.38,Móveis
P7,2021-08-02,1,144.32,Eletrônicos
P8,2021-08-02,8,1113.08,Roupas
P9,2021-08-02,8,1374.72,Livros
P10,2021-08-02,6,974.42,Móveis
P1,2021-08-03,3,453.46,Eletrônicos
P2,2021-08-03,10,1908.19,Eletrônicos
P3,2021-08-03,19,8099.62,Roupas
P4,2021-08-03,17,5403.56,Roupas
P5,2021-08-03,9,900.58,Livros
P6,2021-08-03,8,2846.28,Móveis
P7,2021-08-03,17,2441.74,Eletrônicos
P8,2021-08-03,10,621.46,Roupas
P9,2021-08-03,4,478.35,Livros
P10,2021-08-03,2,626.07,Móveis
P1,2021-08-04,11,3350.29,Eletrônicos
P2,2021-08-04,6,1079.96,Eletrônicos
P3,2021-08-04,5,1534.51,Roupas
P4,2021-08-04,7,1881.86,Roupas
P5,2021-08-04,1,258.18,Livros
P6,2021-08-04,12,3190.27,Móveis
P7,2021-08-04,3,1303.82,Eletrônicos
P8,2021-08-04,18,3939.04,Roupas
P9,2021-08-04,12,3684.38,Livros
P10,2021-08-04,17,2306.86,Móveis
P1,2021-08-05,22,4355.37,Eletrônicos
P2,2021-08-05,16,3314.9,Eletrônicos
P3,2021-08-05,10,1444.56,Roupas
P4,2021-08-05,13,5649.15,Roupas
P5,2021-08-05,8,1496.53,Livros
P6,2021-08-05,10,844.95,Móveis
P7,2021-08-05,11,3983.21,Eletrônicos
P8,2021-08-05,23,8715.97,Roupas
P9,2021-08-05,13,2628.01,Livros
P10,2021-08-05,3,1303.71,Móveis
P1,2021-08-06,10,2001.22,Eletrônicos
P2,2021-08-06,1,388.01,Eletrônicos
P3,2021-08-06,1,455.31,Roupas
P4,2021-08-06,26,1428.18,Roupas
P5,2021-08-06,9,2130.42,Livros
P6,2021-08-06,2,315.39,Móveis
P7,2021-08-06,14,2892.24,Eletrônicos
P8,2021-08-06,12,746.47,Roupas
P9,2021-08-06,10,1263.22,Livros
P10,2021-08-06,1,337.52,Móveis
P1,2021-08-07,8,2865.34,Eletrônicos
P2,2021-08-07,32,15069.81,Eletrônicos
P3,2021-08-07,27,12244.99,Roupas
P4,2021-08-07,39,3677.94,Roupas
P5,2021-08-07,5,593.29,Livros
P6,2021-08-07,29,10472.05,Móveis
P7,2021-08-07,5,1921.44,Eletrônicos
P8,2021-08-07,19,8411.44,Roupas
P9,2021-08-07,2,227.04,Livros
P10,2021-08-07,35,7205.43,Móveis
P1,2021-08-08,25,10655.84,Eletrônicos
P2,2021-08-08,13,3209.17,Eletrônicos
P3,2021-08-08,17,3440.26,Roupas
P4,2021-08-08,11,3956.68,Roupas
P5,2021-08-08,9,3621.11,Livros
P6,2021-08-08,4,296.53,Móveis
P7,2021-08-08,43,9059.37,Eletrônicos
P8,2021-08-08,41,8328.52,Roupas
P9,2021-08-08,6,426.18,Livros
P10,2021-08-08,24,8537.69,Móveis
P1,2021-08-09,4,1065.83,Eletrônicos
P2,2021-08-09,8,3497.66,Eletrônicos
P3,2021-08-09,3,649.82,Roupas
P4,2021-08-09,8,864.63,Roupas
P5,2021-08-09,9,478.02,Livros
P6,2021-08-09,3,573.7,Móveis
P7,2021-08-09,9,2862.57,Eletrônicos
P8,2021-08-09,6,469.73,Roupas
P9,2021-08-09,5,1596.46,Livros
P10,2021-08-09,2,264.72,Móveis
P1,2021-08-10,9,2294.56,Eletrônicos
P2,2021-08-10,8,1407.47,Eletrônicos
P3,2021-08-10,7,785.06,Roupas
P4,2021-08-10,17,5684.48,Roupas
P5,2021-08-10,18,5590.7,Livros
P6,2021-08-10,10,837.14,Móveis
P7,2021-08-10,8,3748.2,Eletrônicos
P8,2021-08-10,15,5613.26,Roupas
P9,2021-08-10,15,2391.6,Livros
P10,2021-08-10,1,399.05,Móveis
P1,2021-08-11,20,7911.76,Eletrônicos
P2,2021-08-11,14,1467.18,Eletrônicos
P3,2021-08-11,24,5165.66,Roupas
P4,2021-08-11,20,1090.34,Roupas
P5,2021-08-11,24,11833.96,Livros
P6,2021-08-11,16,7972.79,Móveis
P7,2021-08-11,12,760.64,Eletrônicos
P8,2021-08-11,2,774.52,Roupas
P9,2021-08-11,6,2003.66,Livros
P10,2021-08-11,3,284.02,Móveis
P1,2021-08-12,6,576.53,Eletrônicos
P2,2021-08-12,2,528.31,Eletrônicos
P3,2021-08-12,1,338.22,Roupas
P4,2021-08-12,4,1379.93,Roupas
P5,2021-08-12,7,2398.48,Livros
P6,2021-08-12,13,1987.19,Móveis
P7,2021-08-12,23,1462.02,Eletrônicos
P8,2021-08-12,15,6232.4,Roupas
P9,2021-08-12,14,2799.41,Livros
P10,2021-08-12,8,3126.02,Móveis
P1,2021-08-13,15,5130.3,Eletrônicos
P2,2021-08-13,22,2051.83,Eletrônicos
P3,2021-08-13,7,1593.09,Roupas
P4,2021-08-13,15,1651.6,Roupas
P5,2021-08-13,9,951.74,Livros
P6,2021-08-13,13,5091.88,Móveis
P7,2021-08-13,15,980.66,Eletrônicos
P8,2021-08-13,3,945.54,Roupas
P9,2021-08-13,24,2792.04,Livros
P10,2021-08-13,1,382.61,Móveis
P1,2021-08-14,5,964.74,Eletrônicos
P2,2021-08-14,2,287.41,Eletrônicos
P3,2021-08-14,18,8508.42,Roupas
P4,2021-08-14,15,5111.32,Roupas
P5,2021-08-14,17,7660.12,Livros
P6,2021-08-14,18,6960.25,Móveis
P7,2021-08-14,17,2818.2,Eletrônicos
P8,2021-08-14,39,6548.25,Roupas
P9,2021-08-14,16,7463.64,Livros
P10,2021-08-14,25,2388.56,Móveis
P1,2021-08-15,8,823.32,Eletrônicos
P2,2021-08-15,20,9465.73,Eletrônicos
P3,2021-08-15,13,6237.2,Roupas
P4,2021-08-15,15,1250.46,Roupas
P5,2021-08-15,17,6283.8,Livros
P6,2021-08-15,6,793.83,Móveis
P7,2021-08-15,16,3962.39,Eletrônicos
P8,2021-08-15,36,5522.9,Roupas
P9,2021-08-15,22,7368.46,Livros
P10,2021-08-15,35,12519.09,Móveis
P1,2021-08-16,5,1307.06,Eletrônicos
P2,2021-08-16,23,10988.98,Eletrônicos
P3,2021-08-16,4,607.59,Roupas
P4,2021-08-16,6,534.73,Roupas
P5,2021-08-16,10,4108.52,Livros
P6,2021-08-16,2,459.41,Móveis
P7,2021-08-16,10,1684.43,Eletrônicos
P8,2021-08-16,6,377.03,Roupas
P9,2021-08-16,24,6336.76,Livros
P10,2021-08-16,1,333.03,Móveis
P1,2021-08-17,1,349.91,Eletrônicos
P2,2021-08-17,8,1133.57,Eletrônicos
P3,2021-08-17,21,4484.27,Roupas
P4,2021-08-17,25,3422.98,Roupas
P5,2021-08-17,20,4627.74,Livros
P6,2021-08-17,10,3459.48,Móveis
P7,2021-08-17,18,8039.95,Eletrônicos
P8,2021-08-17,13,4129.43,Roupas
P9,2021-08-17,2,171.81,Livros
P10,2021-08-17,3,1376.54,Móveis
P1,2021-08-18,6,706.08,Eletrônicos
P2,2021-08-18,17,3028.64,Eletrônicos
P3,2021-08-18,8,1342.73,Roupas
P4,2021-08-18,13,5704.07,Roupas
P5,2021-08-18,5,1065.84,Livros
P6,2021-08-18,9,1877.68,Móveis
P7,2021-08-18,4,1675.04,Eletrônicos
P8,2021-08-18,17,5245.62,Roupas
P9,2021-08-18,15,5798.98,Livros
P10,2021-08-18,5,1059.09,Móveis
P1,2021-08-19,22,2465.3,Eletrônicos
P2,2021-08-19,16,2214.24,Eletrônicos
P3,2021-08-19,2,356.22,Roupas
P4,2021-08-19,10,2904.15,Roupas
P5,2021-08-19,10,909.29,Livros
P6,2021-08-19,7,1997.33,Móveis
P7,2021-08-19,13,3968.96,Eletrônicos
P8,2021-08-19,11,569.39,Roupas
P9,2021-08-19,5,2237.62,Livros
P10,2021-08-19,2,349.34,Móveis
P1,2021-08-20,2,223.45,Eletrônicos
P2,2021-08-20,2,797.42,Eletrônicos
P3,2021-08-20,3,607.26,Roupas
P4,2021-08-20,13,5651.52,Roupas
P5,2021-08-20,6,2188.54,Livros
P6,2021-08-20,5,2380.76,Móveis
P7,2021-08-20,15,2438.2,Eletrônicos
P8,2021-08-20,11,3433.86,Roupas
P9,2021-08-20,3,205.52,Livros
P10,2021-08-20,3,984.0,Móveis
P1,2021-08-21,27,5134.84,Eletrônicos
P2,2021-08-21,10,952.88,Eletrônicos
P3,2021-08-21,12,5144.5,Roupas
P4,2021-08-21,5,1854.76,Roupas
P5,2021-08-21,20,9892.78,Livros
P6,2021-08-21,33,4743.25,Móveis
P7,2021-08-21,33,6979.46,Eletrônicos
P8,2021-08-21,29,2975.01,Roupas
P9,2021-08-21,51,21375.96,Livros
P10,2021-08-21,6,1187.49,Móveis
P1,2021-08-22,19,9402.19,Eletrônicos
P2,2021-08-22,5,252.76,Eletrônicos
P3,2021-08-22,6,1377.94,Roupas
P4,2021-08-22,19,7126.37,Roupas
P5,2021-08-22,8,3715.13,Livros
P6,2021-08-22,22,3005.76,Móveis
P7,2021-08-22,7,415.23,Eletrônicos
P8,2021-08-22,7,674.65,Roupas
P9,2021-08-22,45,19826.74,Livros
P10,2021-08-22,6,1624.03,Móveis
P1,2021-08-23,5,2406.22,Eletrônicos
P2,2021-08-23,2,756.28,Eletrônicos
P3,2021-08-23,24,7195.85,Roupas
P4,2021-08-23,12,4128.84,Roupas
P5,2021-08-23,1,318.06,Livros
P6,2021-08-23,7,1581.86,Móveis
P7,2021-08-23,25,3711.44,Eletrônicos
P8,2021-08-23,8,2971.41,Roupas
P9,2021-08-23,1,261.87,Livros
P10,2021-08-23,10,2692.17,Móveis
P1,2021-08-24,21,10095.87,Eletrônicos
P2,2021-08-24,5,2394.9,Eletrônicos
P3,2021-08-24,9,3023.74,Roupas
P4,2021-08-24,4,1017.92,Roupas
P5,2021-08-24,7,1333.56,Livros
P6,2021-08-24,1,366.58,Móveis
P7,2021-08-24,8,1165.37,Eletrônicos
P8,2021-08-24,13,1425.96,Roupas
P9,2021-08-24,26,9506.78,Livros
P10,2021-08-24,12,2223.0,Móveis
P1,2021-08-25,16,3894.46,Eletrônicos
P2,2021-08-25,1,369.05,Eletrônicos
P3,2021-08-25,8,1500.73,Roupas
P4,2021-08-25,12,3240.96,Roupas
P5,2021-08-25,1,396.45,Livros
P6,2021-08-25,14,2594.79,Móveis
P7,2021-08-25,16,1751.65,Eletrônicos
P8,2021-08-25,8,1654.34,Roupas
P9,2021-08-25,14,6313.3,Livros
P10,2021-08-25,6,1600.12,Móveis
P1,2021-08-26,18,1079.49,Eletrônicos
P2,2021-08-26,12,5118.31,Eletrônicos
P3,2021-08-26,18,1626.13,Roupas
P4,2021-08-26,6,1718.83,Roupas
P5,2021-08-26,5,1438.28,Livros
P6,2021-08-26,9,3084.91,Móveis
P7,2021-08-26,2,702.03,Eletrônicos
P8,2021-08-26,1,411.46,Roupas
P9,2021-08-26,20,7294.31,Livros
P10,2021-08-26,4,1065.73,Móveis
P1,2021-08-27,23,4508.36,Eletrônicos
P2,2021-08-27,6,1689.48,Eletrônicos
P3,2021-08-27,14,2351.84,Roupas
P4,2021-08-27,4,567.07,Roupas
P5,2021-08-27,20,2926.72,Livros
P6,2021-08-27,18,2464.23,Móveis
P7,2021-08-27,15,1799.05,Eletrônicos
P8,2021-08-27,7,2641.46,Roupas
P9,2021-08-27,3,340.97,Livros
P10,2021-08-27,4,601.86,Móveis
P1,2021-08-28,11,5214.09,Eletrônicos
P2,2021-08-28,1,60.48,Eletrônicos
P3,2021-08-28,1,282.99,Roupas
P4,2021-08-28,42,10066.28,Roupas
P5,2021-08-28,29,8546.58,Livros
P6,2021-08-28,24,4663.61,Móveis
P7,2021-08-28,13,1684.15,Eletrônicos
P8,2021-08-28,21,6068.45,Roupas
P9,2021-08-28,19,4245.37,Livros
P10,2021-08-28,21,6324.45,Móveis
P1,2021-08-29,22,2468.57,Eletrônicos
P2,2021-08-29,29,14444.1,Eletrônicos
P3,2021-08-29,6,495.83,Roupas
P4,2021-08-29,36,6947.85,Roupas
P5,2021-08-29,6,2987.09,Livros
P6,2021-08-29,11,3905.01,Móveis
P7,2021-08-29,26,11253.58,Eletrônicos
P8,2021-08-29,15,3494.97,Roupas
P9,2021-08-29,27,2854.36,Livros
P10,2021-08-29,10,2306.1,Móveis
P1,2021-08-30,6,2792.24,Eletrônicos
P2,2021-08-30,14,3077.03,Eletrônicos
P3,2021-08-30,7,543.66,Roupas
P4,2021-08-30,15,5948.88,Roupas
P5,2021-08-30,21,3387.99,Livros
P6,2021-08-30,13,5669.34,Móveis
P7,2021-08-30,2,651.6,Eletrônicos
P8,2021-08-30,4,712.02,Roupas
P9,2021-08-30,8,1757.81,Livros
P10,2021-08-30,9,658.73,Móveis
P1,2021-08-31,7,636.08,Eletrônicos
P2,2021-08-31,1,168.08,Eletrônicos
P3,2021-08-31,9,2570.38,Roupas
P4,2021-08-31,2,916.82,Roupas
P5,2021-08-31,5,1359.1,Livros
P6,2021-08-31,5,1635.88,Móveis
P7,2021-08-31,2,581.68,Eletrônicos
P8,2021-08-31,13,2030.44,Roupas
P9,2021-08-31,14,6947.84,Livros
P10,2021-08-31,7,2620.13,Móveis
P1,2021-09-01,2,718.13,Eletrônicos
P2,2021-09-01,9,4072.79,Eletrônicos
P3,2021-09-01,11,2730.02,Roupas
P4,2021-09-01,6,2832.06,Roupas
P5,2021-09-01,1,386.17,Livros
P6,2021-09-01,15,2448.92,Móveis
P7,2021-09-01,2,240.88,Eletrônicos
P8,2021-09-01,21,9501.74,Roupas
P9,2021-09-01,20,8470.67,Livros
P10,2021-09-01,9,3769.42,Móveis
P1,2021-09-02,4,1727.54,Eletrônicos
P2,2021-09-02,2,273.6,Eletrônicos
P3,2021-09-02,11,3327.07,Roupas
P4,2021-09-02,26,5971.04,Roupas
P5,2021-09-02,15,7177.2,Livros
P6,2021-09-02,13,3469.85,Móveis
P7,2021-09-02,5,640.19,Eletrônicos
P8,2021-09-02,2,546.9,Roupas
P9,2021-09-02,12,2298.91,Livros
P10,2021-09-02,22,1253.83,Móveis
P1,2021-09-03,3,451.14,Eletrônicos
P2,2021-09-03,3,350.19,Eletrônicos
P3,2021-09-03,1,368.65,Roupas
P4,2021-09-03,23,7703.97,Roupas
P5,2021-09-03,11,3138.21,Livros
P6,2021-09-03,3,984.99,Móveis
P7,2021-09-03,3,942.6,Eletrônicos
P8,2021-09-03,15,5197.26,Roupas
P9,2021-09-03,7,2434.4,Livros
P10,2021-09-03,8,1573.25,Móveis
P1,2021-09-04,7,1724.29,Eletrônicos
P2,2021-09-04,26,3054.47,Eletrônicos
P3,2021-09-04,52,10790.64,Roupas
P4,2021-09-04,20,8838.01,Roupas
P5,2021-09-04,51,9096.03,Livros
P6,2021-09-04,8,557.42,Móveis
P7,2021-09-04,6,1136.78,Eletrônicos
P8,2021-09-04,17,3374.78,Roupas
P9,2021-09-04,3,459.0,Livros
P10,2021-09-04,25,6739.71,Móveis
P1,2021-09-05,33,6345.99,Eletrônicos
P2,2021-09-05,42,16305.46,Eletrônicos
P3,2021-09-05,17,1155.53,Roupas
P4,2021-09-05,4,678.7,Roupas
P5,2021-09-05,17,8405.14,Livros
P6,2021-09-05,12,2303.43,Móveis
P7,2021-09-05,16,1319.21,Eletrônicos
P8,2021-09-05,6,1251.47,Roupas
P9,2021-09-05,62,4708.62,Livros
P10,2021-09-05,25,6998.09,Móveis
P1,2021-09-06,24,9146.48,Eletrônicos
P2,2021-09-06,18,1600.58,Eletrônicos
P3,2021-09-06,7,3140.74,Roupas
P4,2021-09-06,5,2018.37,Roupas
P5,2021-09-06,1,458.86,Livros
P6,2021-09-06,14,3853.0,Móveis
P7,2021-09-06,17,6250.88,Eletrônicos
P8,2021-09-06,5,1641.34,Roupas
P9,2021-09-06,5,921.12,Livros
P10,2021-09-06,10,4888.96,Móveis
P1,2021-09-07,7,841.05,Eletrônicos
P2,2021-09-07,4,1126.6,Eletrônicos
P3,2021-09-07,12,4564.04,Roupas
P4,2021-09-07,12,1579.03,Roupas
P5,2021-09-07,20,7576.73,Livros
P6,2021-09-07,1,427.72,Móveis
P7,2021-09-07,2,491.51,Eletrônicos
P8,2021-09-07,9,1775.93,Roupas
P9,2021-09-07,26,1640.68,Livros
P10,2021-09-07,2,189.04,Móveis
P1,2021-09-08,5,2315.26,Eletrônicos
P2,2021-09-08,1,440.4,Eletrônicos
P3,2021-09-08,11,3683.69,Roupas
P4,2021-09-08,21,4399.21,Roupas
P5,2021-09-08,20,6216.73,Livros
P6,2021-09-08,6,2262.3,Móveis
P7,2021-09-08,13,4847.72,Eletrônicos
P8,2021-09-08,4,570.28,Roupas
P9,2021-09-08,22,2424.58,Livros
P10,2021-09-08,6,2228.41,Móveis
P1,2021-09-09,2,296.32,Eletrônicos
P2,2021-09-09,1,191.86,Eletrônicos
P3,2021-09-09,20,3054.79,Roupas
P4,2021-09-09,1,215.52,Roupas
P5,2021-09-09,12,610.59,Livros
P6,2021-09-09,7,1192.76,Móveis
P7,2021-09-09,7,2648.07,Eletrônicos
P8,2021-09-09,9,1125.2,Roupas
P9,2021-09-09,12,5631.56,Livros
P10,2021-09-09,18,8484.39,Móveis
P1,2021-09-10,8,847.84,Eletrônicos
P2,2021-09-10,24,11502.78,Eletrônicos
P3,2021-09-10,14,4532.47,Roupas
P4,2021-09-10,15,2562.85,Roupas
P5,2021-09-10,15,7399.07,Livros
P6,2021-09-10,7,732.02,Móveis
P7,2021-09-10,14,846.96,Eletrônicos
P8,2021-09-10,1,296.09,Roupas
P9,2021-09-10,27,4047.06,Livros
P10,2021-09-10,19,8787.7,Móveis
P1,2021-09-11,1,100.79,Eletrônicos
P2,2021-09-11,11,701.23,Eletrônicos
P3,2021-09-11,30,14536.16,Roupas
P4,2021-09-11,10,1982.05,Roupas
P5,2021-09-11,19,2202.9,Livros
P6,2021-09-11,20,7118.96,Móveis
P7,2021-09-11,7,2949.32,Eletrônicos
P8,2021-09-11,1,236.82,Roupas
P9,2021-09-11,5,512.92,Livros
P10,2021-09-11,36,14401.85,Móveis
P1,2021-09-12,17,1226.93,Eletrônicos
P2,2021-09-12,7,1968.38,Eletrônicos
P3,2021-09-12,2,741.64,Roupas
P4,2021-09-12,31,12887.38,Roupas
P5,2021-09-12,2,464.21,Livros
P6,2021-09-12,14,6637.87,Móveis
P7,2021-09-12,10,3269.52,Eletrônicos
P8,2021-09-12,24,11727.05,Roupas
P9,2021-09-12,20,1574.65,Livros
P10,2021-09-12,11,611.2,Móveis
P1,2021-09-13,14,5893.82,Eletrônicos
P2,2021-09-13,5,412.32,Eletrônicos
P3,2021-09-13,15,2575.72,Roupas
P4,2021-09-13,23,4447.0,Roupas
P5,2021-09-13,5,745.66,Livros
P6,2021-09-13,14,5663.82,Móveis
P7,2021-09-13,12,4167.67,Eletrônicos
P8,2021-09-13,9,1032.12,Roupas
P9,2021-09-13,8,1968.62,Livros
P10,2021-09-13,4,1027.57,Móveis
P1,2021-09-14,13,2975.25,Eletrônicos
P2,2021-09-14,24,1643.42,Eletrônicos
P3,2021-09-14,10,2811.75,Roupas
P4,2021-09-14,10,595.17,Roupas
P5,2021-09-14,1,122.72,Livros
P6,2021-09-14,5,473.68,Móveis
P7,2021-09-14,8,1062.14,Eletrônicos
P8,2021-09-14,1,337.46,Roupas
P9,2021-09-14,11,4734.07,Livros
P10,2021-09-14,23,10392.28,Móveis
P1,2021-09-15,7,1537.12,Eletrônicos
P2,2021-09-15,5,2163.39,Eletrônicos
P3,2021-09-15,12,2142.66,Roupas
P4,2021-09-15,10,1832.57,Roupas
P5,2021-09-15,8,3501.45,Livros
P6,2021-09-15,11,908.45,Móveis
P7,2021-09-15,5,1397.49,Eletrônicos
P8,2021-09-15,9,1934.17,Roupas
P9,2021-09-15,17,7136.52,Livros
P10,2021-09-15,21,5097.53,Móveis
P1,2021-09-16,2,783.41,Eletrônicos
P2,2021-09-16,6,921.13,Eletrônicos
P3,2021-09-16,9,2159.36,Roupas
P4,2021-09-16,16,2743.52,Roupas
P5,2021-09-16,1,382.56,Livros
P6,2021-09-16,7,2029.13,Móveis
P7,2021-09-16,2,407.34,Eletrônicos
P8,2021-09-16,11,5085.6,Roupas
P9,2021-09-16,19,2457.83,Livros
P10,2021-09-16,21,2992.36,Móveis
P1,2021-09-17,19,2467.83,Eletrônicos
P2,2021-09-17,16,6092.18,Eletrônicos
P3,2021-09-17,2,201.48,Roupas
P4,2021-09-17,6,2079.0,Roupas
P5,2021-09-17,1,163.61,Livros
P6,2021-09-17,1,440.62,Móveis
P7,2021-09-17,11,3817.31,Eletrônicos
P8,2021-09-17,19,3742.74,Roupas
P9,2021-09-17,11,4035.21,Livros
P10,2021-09-17,6,1529.2,Móveis
P1,2021-09-18,30,13734.59,Eletrônicos
P2,2021-09-18,24,2483.3,Eletrônicos
P3,2021-09-18,39,10106.13,Roupas
P4,2021-09-18,18,7092.1,Roupas
P5,2021-09-18,27,8080.44,Livros
P6,2021-09-18,23,4102.49,Móveis
P7,2021-09-18,7,3030.63,Eletrônicos
P8,2021-09-18,5,355.71,Roupas
P9,2021-09-18,26,6316.92,Livros
P10,2021-09-18,12,4044.49,Móveis
P1,2021-09-19,37,6457.96,Eletrônicos
P2,2021-09-19,9,1985.7,Eletrônicos
P3,2021-09-19,36,9675.93,Roupas
P4,2021-09-19,20,6616.67,Roupas
P5,2021-09-19,18,1121.09,Livros
P6,2021-09-19,30,14385.77,Móveis
P7,2021-09-19,40,12956.61,Eletrônicos
P8,2021-09-19,37,6990.59,Roupas
P9,2021-09-19,22,6412.67,Livros
P10,2021-09-19,15,3741.85,Móveis
P1,2021-09-20,3,1115.06,Eletrônicos
P2,2021-09-20,15,3971.93,Eletrônicos
P3,2021-09-20,18,3900.42,Roupas
P4,2021-09-20,21,4317.88,Roupas
P5,2021-09-20,11,3091.66,Livros
P6,2021-09-20,1,299.41,Móveis
P7,2021-09-20,7,1732.43,Eletrônicos
P8,2021-09-20,1,237.87,Roupas
P9,2021-09-20,16,1039.33,Livros
P10,2021-09-20,13,3426.54,Móveis
P1,2021-09-21,6,2977.44,Eletrônicos
P2,2021-09-21,3,162.78,Eletrônicos
P3,2021-09-21,1,389.06,Roupas
P4,2021-09-21,17,5569.56,Roupas
P5,2021-09-21,1,276.91,Livros
P6,2021-09-21,9,2733.0,Móveis
P7,2021-09-21,5,470.92,Eletrônicos
P8,2021-09-21,6,1170.99,Roupas
P9,2021-09-21,7,2032.55,Livros
P10,2021-09-21,21,5936.98,Móveis
P1,2021-09-22,4,615.05,Eletrônicos
P2,2021-09-22,10,1827.67,Eletrônicos
P3,2021-09-22,6,621.93,Roupas
P4,2021-09-22,8,2959.51,Roupas
P5,2021-09-22,1,300.72,Livros
P6,2021-09-22,12,2395.7,Móveis
P7,2021-09-22,1,92.78,Eletrônicos
P8,2021-09-22,6,1297.55,Roupas
P9,2021-09-22,4,835.67,Livros
P10,2021-09-22,4,1228.69,Móveis
P1,2021-09-23,4,551.76,Eletrônicos
P2,2021-09-23,8,562.4,Eletrônicos
P3,2021-09-23,17,3296.88,Roupas
P4,2021-09-23,1,78.19,Roupas
P5,2021-09-23,1,65.47,Livros
P6,2021-09-23,4,1229.64,Móveis
P7,2021-09-23,11,4543.85,Eletrônicos
P8,2021-09-23,8,2154.96,Roupas
P9,2021-09-23,11,650.02,Livros
P10,2021-09-23,5,1848.96,Móveis
P1,2021-09-24,7,1769.37,Eletrônicos
P2,2021-09-24,1,451.54,Eletrônicos
P3,2021-09-24,15,6450.63,Roupas
P4,2021-09-24,16,5304.75,Roupas
P5,2021-09-24,6,2251.17,Livros
P6,2021-09-24,10,3882.22,Móveis
P7,2021-09-24,5,2167.38,Eletrônicos
P8,2021-09-24,20,5465.81,Roupas
P9,2021-09-24,26,4751.98,Livros
P10,2021-09-24,13,5112.13,Móveis
P1,2021-09-25,20,6108.1,Eletrônicos
P2,2021-09-25,7,2844.0,Eletrônicos
P3,2021-09-25,19,7592.1,Roupas
P4,2021-09-25,3,763.55,Roupas
P5,2021-09-25,7,2824.54,Livros
P6,2021-09-25,46,2397.77,Móveis
P7,2021-09-25,13,1236.55,Eletrônicos
P8,2021-09-25,2,974.42,Roupas
P9,2021-09-25,11,645.88,Livros
P10,2021-09-25,8,1973.84,Móveis
P1,2021-09-26,29,8829.5,Eletrônicos
P2,2021-09-26,14,1197.09,Eletrônicos
P3,2021-09-26,29,10251.04,Roupas
P4,2021-09-26,43,20364.58,Roupas
P5,2021-09-26,6,1485.85,Livros
P6,2021-09-26,12,1947.17,Móveis
P7,2021-09-26,12,2276.17,Eletrônicos
P8,2021-09-26,38,9368.81,Roupas
P9,2021-09-26,29,3006.6,Livros
P10,2021-09-26,42,8568.76,Móveis
P1,2021-09-27,24,8439.38,Eletrônicos
P2,2021-09-27,16,1721.84,Eletrônicos
P3,2021-09-27,10,3692.71,Roupas
P4,2021-09-27,26,9384.71,Roupas
P5,2021-09-27,2,872.12,Livros
P6,2021-09-27,27,12324.82,Móveis
P7,2021-09-27,13,4123.37,Eletrônicos
P8,2021-09-27,12,4319.15,Roupas
P9,2021-09-27,7,2659.06,Livros
P10,2021-09-27,1,140.86,Móveis
P1,2021-09-28,1,412.92,Eletrônicos
P2,2021-09-28,10,2656.46,Eletrônicos
P3,2021-09-28,9,3313.6,Roupas
P4,2021-09-28,19,7263.92,Roupas
P5,2021-09-28,8,1089.96,Livros
P6,2021-09-28,1,412.96,Móveis
P7,2021-09-28,22,1170.74,Eletrônicos
P8,2021-09-28,10,4426.99,Roupas
P9,2021-09-28,13,4525.62,Livros
P10,2021-09-28,1,342.36,Móveis
P1,2021-09-29,17,1711.22,Eletrônicos
P2,2021-09-29,14,6427.65,Eletrônicos
P3,2021-09-29,20,9493.24,Roupas
P4,2021-09-29,1,138.92,Roupas
P5,2021-09-29,6,310.82,Livros
P6,2021-09-29,18,4121.7,Móveis
P7,2021-09-29,11,2498.62,Eletrônicos
P8,2021-09-29,16,4677.56,Roupas
P9,2021-09-29,10,1751.74,Livros
P10,2021-09-29,25,9670.03,Móveis
P1,2021-09-30,3,192.47,Eletrônicos
P2,2021-09-30,22,6655.92,Eletrônicos
P3,2021-09-30,12,2460.35,Roupas
P4,2021-09-30,4,1730.09,Roupas
P5,2021-09-30,18,6888.49,Livros
P6,2021-09-30,14,5448.15,Móveis
P7,2021-09-30,11,1360.93,Eletrônicos
P8,2021-09-30,13,6325.42,Roupas
P9,2021-09-30,9,751.2,Livros
P10,2021-09-30,20,1703.51,Móveis
P1,2021-10-01,7,3242.34,Eletrônicos
P2,2021-10-01,2,520.95,Eletrônicos
P3,2021-10-01,9,1446.17,Roupas
P4,2021-10-01,15,2575.71,Roupas
P5,2021-10-01,4,1976.57,Livros
P6,2021-10-01,12,4227.5,Móveis
P7,2021-10-01,2,574.62,Eletrônicos
P8,2021-10-01,18,6874.89,Roupas
P9,2021-10-01,4,1083.03,Livros
P10,2021-10-01,3,520.0,Móveis
P1,2021-10-02,8,3914.26,Eletrônicos
P2,2021-10-02,4,1022.03,Eletrônicos
P3,2021-10-02,30,2837.57,Roupas
P4,2021-10-02,16,3880.53,Roupas
P5,2021-10-02,55,7359.68,Livros
P6,2021-10-02,12,895.95,Móveis
P7,2021-10-02,6,1405.78,Eletrônicos
P8,2021-10-02,5,1987.61,Roupas
P9,2021-10-02,5,1664.35,Livros
P10,2021-10-02,15,1370.31,Móveis
P1,2021-10-03,39,10776.99,Eletrônicos
P2,2021-10-03,11,4456.61,Eletrônicos
P3,2021-10-03,34,14588.41,Roupas
P4,2021-10-03,12,5048.4,Roupas
P5,2021-10-03,7,2224.8,Livros
P6,2021-10-03,2,312.55,Móveis
P7,2021-10-03,12,4878.78,Eletrônicos
P8,2021-10-03,22,6851.33,Roupas
P9,2021-10-03,5,1722.03,Livros
P10,2021-10-03,1,157.22,Móveis
P1,2021-10-04,13,4916.38,Eletrônicos
P2,2021-10-04,16,1243.96,Eletrônicos
P3,2021-10-04,8,3913.71,Roupas
P4,2021-10-04,14,4299.17,Roupas
P5,2021-10-04,8,2834.02,Livros
P6,2021-10-04,5,1008.16,Móveis
P7,2021-10-04,9,2290.59,Eletrônicos
P8,2021-10-04,8,1005.18,Roupas
P9,2021-10-04,22,1546.93,Livros
P10,2021-10-04,2,695.86,Móveis
P1,2021-10-05,1,109.68,Eletrônicos
P2,2021-10-05,15,5092.48,Eletrônicos
P3,2021-10-05,3,1256.49,Roupas
P4,2021-10-05,10,3146.74,Roupas
P5,2021-10-05,7,660.87,Livros
P6,2021-10-05,18,7239.32,Móveis
P7,2021-10-05,8,3357.49,Eletrônicos
P8,2021-10-05,3,860.32,Roupas
P9,2021-10-05,9,1986.16,Livros
P10,2021-10-05,5,459.99,Móveis
P1,2021-10-06,12,4377.21,Eletrônicos
P2,2021-10-06,8,2419.95,Eletrônicos
P3,2021-10-06,12,4071.09,Roupas
P4,2021-10-06,3,549.96,Roupas
P5,2021-10-06,6,2961.19,Livros
P6,2021-10-06,19,4154.81,Móveis
P7,2021-10-06,9,4334.8,Eletrônicos
P8,2021-10-06,5,2072.32,Roupas
P9,2021-10-06,13,2592.98,Livros
P10,2021-10-06,13,4888.22,Móveis
P1,2021-10-07,9,3413.79,Eletrônicos
P2,2021-10-07,10,4584.67,Eletrônicos
P3,2021-10-07,21,10140.48,Roupas
P4,2021-10-07,2,952.15,Roupas
P5,2021-10-07,8,3154.63,Livros
P6,2021-10-07,14,5823.83,Móveis
P7,2021-10-07,1,372.72,Eletrônicos
P8,2021-10-07,3,201.64,Roupas
P9,2021-10-07,8,2546.5,Livros
P10,2021-10-07,29,4217.07,Móveis
P1,2021-10-08,3,999.91,Eletrônicos
P2,2021-10-08,9,2869.71,Eletrônicos
P3,2021-10-08,5,1910.54,Roupas
P4,2021-10-08,7,1841.83,Roupas
P5,2021-10-08,6,827.13,Livros
P6,2021-10-08,3,370.57,Móveis
P7,2021-10-08,1,477.95,Eletrônicos
P8,2021-10-08,8,3133.9,Roupas
P9,2021-10-08,17,5304.99,Livros
P10,2021-10-08,4,1182.7,Móveis
P1,2021-10-09,20,4684.46,Eletrônicos
P2,2021-10-09,3,657.05,Eletrônicos
P3,2021-10-09,35,14856.92,Roupas
P4,2021-10-09,10,1270.02,Roupas
P5,2021-10-09,40,18006.3,Livros
P6,2021-10-09,26,3488.5,Móveis
P7,2021-10-09,23,7182.73,Eletrônicos
P8,2021-10-09,20,9052.53,Roupas
P9,2021-10-09,16,6481.85,Livros
P10,2021-10-09,54,20634.66,Móveis
P1,2021-10-10,35,4327.27,Eletrônicos
P2,2021-10-10,30,2326.5,Eletrônicos
P3,2021-10-10,23,3338.34,Roupas
P4,2021-10-10,9,1662.14,Roupas
P5,2021-10-10,46,2620.24,Livros
P6,2021-10-10,1,321.75,Móveis
P7,2021-10-10,15,7005.82,Eletrônicos
P8,2021-10-10,12,1535.86,Roupas
P9,2021-10-10,56,17124.68,Livros
P10,2021-10-10,40,15398.67,Móveis
P1,2021-10-11,7,2613.64,Eletrônicos
P2,2021-10-11,1,93.53,Eletrônicos
P3,2021-10-11,19,4586.38,Roupas
P4,2021-10-11,3,1048.33,Roupas
P5,2021-10-11,13,2504.99,Livros
P6,2021-10-11,11,5025.32,Móveis
P7,2021-10-11,8,2518.28,Eletrônicos
P8,2021-10-11,9,3060.82,Roupas
P9,2021-10-11,2,325.32,Livros
P10,2021-10-11,2,713.03,Móveis
P1,2021-10-12,27,9401.72,Eletrônicos
P2,2021-10-12,13,3234.29,Eletrônicos
P3,2021-10-12,9,830.75,Roupas
P4,2021-10-12,4,788.01,Roupas
P5,2021-10-12,8,778.86,Livros
P6,2021-10-12,15,2148.44,Móveis
P7,2021-10-12,4,603.33,Eletrônicos
P8,2021-10-12,9,3980.64,Roupas
P9,2021-10-12,15,4710.7,Livros
P10,2021-10-12,6,2195.92,Móveis
P1,2021-10-13,2,100.92,Eletrônicos
P2,2021-10-13,14,6466.03,Eletrônicos
P3,2021-10-13,6,1891.87,Roupas
P4,2021-10-13,15,6772.15,Roupas
P5,2021-10-13,5,1108.49,Livros
P6,2021-10-13,3,1384.09,Móveis
P7,2021-10-13,8,2154.16,Eletrônicos
P8,2021-10-13,19,7635.71,Roupas
P9,2021-10-13,12,2534.58,Livros
P10,2021-10-13,20,4292.48,Móveis
P1,2021-10-14,27,11200.81,Eletrônicos
P2,2021-10-14,5,695.67,Eletrônicos
P3,2021-10-14,1,58.07,Roupas
P4,2021-10-14,23,5381.39,Roupas
P5,2021-10-14,2,379.9,Livros
P6,2021-10-14,14,1595.91,Móveis
P7,2021-10-14,1,499.04,Eletrônicos
P8,2021-10-14,18,5384.87,Roupas
P9,2021-10-14,4,323.02,Livros
P10,2021-10-14,10,4972.55,Móveis
P1,2021-10-15,16,7914.41,Eletrônicos
P2,2021-10-15,4,1464.49,Eletrônicos
P3,2021-10-15,2,456.06,Roupas
P4,2021-10-15,4,440.74,Roupas
P5,2021-10-15,1,344.92,Livros
P6,2021-10-15,4,203.17,Móveis
P7,2021-10-15,10,1027.99,Eletrônicos
P8,2021-10-15,9,796.93,Roupas
P9,2021-10-15,5,1707.19,Livros
P10,2021-10-15,10,2894.89,Móveis
P1,2021-10-16,6,2385.66,Eletrônicos
P2,2021-10-16,11,3233.02,Eletrônicos
P3,2021-10-16,15,2772.47,Roupas
P4,2021-10-16,2,838.02,Roupas
P5,2021-10-16,13,4934.24,Livros
P6,2021-10-16,14,4022.2,Móveis
P7,2021-10-16,21,6391.85,Eletrônicos
P8,2021-10-16,16,3244.54,Roupas
P9,2021-10-16,23,9546.43,Livros
P10,2021-10-16,9,1957.96,Móveis
P1,2021-10-17,26,4379.61,Eletrônicos
P2,2021-10-17,9,1563.87,Eletrônicos
P3,2021-10-17,27,6766.94,Roupas
P4,2021-10-17,44,18068.17,Roupas
P5,2021-10-17,14,745.48,Livros
P6,2021-10-17,23,2631.15,Móveis
P7,2021-10-17,18,8243.73,Eletrônicos
P8,2021-10-17,29,10211.28,Roupas
P9,2021-10-17,34,11162.53,Livros
P10,2021-10-17,35,9832.93,Móveis
P1,2021-10-18,10,4569.9,Eletrônicos
P2,2021-10-18,14,4252.51,Eletrônicos
P3,2021-10-18,11,915.0,Roupas
P4,2021-10-18,20,9722.23,Roupas
P5,2021-10-18,8,1582.63,Livros
P6,2021-10-18,1,387.69,Móveis
P7,2021-10-18,4,1671.84,Eletrônicos
P8,2021-10-18,11,3258.54,Roupas
P9,2021-10-18,15,2354.24,Livros
P10,2021-10-18,1,361.99,Móveis
P1,2021-10-19,11,1560.15,Eletrônicos
P2,2021-10-19,9,2630.51,Eletrônicos
P3,2021-10-19,10,2270.57,Roupas
P4,2021-10-19,4,1892.15,Roupas
P5,2021-10-19,20,7766.01,Livros
P6,2021-10-19,7,741.65,Móveis
P7,2021-10-19,3,1114.9,Eletrônicos
P8,2021-10-19,5,386.12,Roupas
P9,2021-10-19,2,537.8,Livros
P10,2021-10-19,11,4057.41,Móveis
P1,2021-10-20,18,1944.88,Eletrônicos
P2,2021-10-20,1,415.73,Eletrônicos
P3,2021-10-20,6,1813.85,Roupas
P4,2021-10-20,9,3300.87,Roupas
P5,2021-10-20,10,2788.58,Livros
P6,2021-10-20,1,353.03,Móveis
P7,2021-10-20,11,3758.77,Eletrônicos
P8,2021-10-20,1,199.87,Roupas
P9,2021-10-20,15,3690.43,Livros
P10,2021-10-20,27,12159.88,Móveis
P1,2021-10-21,14,5938.06,Eletrônicos
P2,2021-10-21,1,460.47,Eletrônicos
P3,2021-10-21,4,743.03,Roupas
P4,2021-10-21,9,3781.16,Roupas
P5,2021-10-21,1,374.34,Livros
P6,2021-10-21,2,300.4,Móveis
P7,2021-10-21,11,3502.77,Eletrônicos
P8,2021-10-21,24,5616.87,Roupas
P9,2021-10-21,7,2308.6,Livros
P10,2021-10-21,16,2853.48,Móveis
P1,2021-10-22,4,567.78,Eletrônicos
P2,2021-10-22,19,1209.32,Eletrônicos
P3,2021-10-22,6,1395.52,Roupas
P4,2021-10-22,2,307.15,Roupas
P5,2021-10-22,2,655.97,Livros
P6,2021-10-22,16,5976.94,Móveis
P7,2021-10-22,7,2973.59,Eletrônicos
P8,2021-10-22,2,683.41,Roupas
P9,2021-10-22,17,4698.85,Livros
P10,2021-10-22,2,796.12,Móveis
P1,2021-10-23,44,18352.5,Eletrônicos
P2,2021-10-23,4,1139.61,Eletrônicos
P3,2021-10-23,42,3993.96,Roupas
P4,2021-10-23,29,7175.38,Roupas
P5,2021-10-23,21,7957.25,Livros
P6,2021-10-23,7,2196.37,Móveis
P7,2021-10-23,1,222.87,Eletrônicos
P8,2021-10-23,27,1897.29,Roupas
P9,2021-10-23,43,18343.56,Livros
P10,2021-10-23,24,9825.79,Móveis
P1,2021-10-24,10,3130.72,Eletrônicos
P2,2021-10-24,11,2064.45,Eletrônicos
P3,2021-10-24,31,11201.19,Roupas
P4,2021-10-24,5,2369.29,Roupas
P5,2021-10-24,69,31290.75,Livros
P6,2021-10-24,5,1319.77,Móveis
P7,2021-10-24,5,1434.63,Eletrônicos
P8,2021-10-24,52,12126.66,Roupas
P9,2021-10-24,15,3039.66,Livros
P10,2021-10-24,41,2374.84,Móveis
P1,2021-10-25,5,2110.05,Eletrônicos
P2,2021-10-25,9,3858.18,Eletrônicos
P3,2021-10-25,10,953.69,Roupas
P4,2021-10-25,13,2930.36,Roupas
P5,2021-10-25,25,11779.71,Livros
P6,2021-10-25,3,693.57,Móveis
P7,2021-10-25,7,1874.01,Eletrônicos
P8,2021-10-25,3,1073.65,Roupas
P9,2021-10-25,4,365.79,Livros
P10,2021-10-25,27,12706.13,Móveis
P1,2021-10-26,6,2038.61,Eletrônicos
P2,2021-10-26,10,4672.79,Eletrônicos
P3,2021-10-26,20,9528.3,Roupas
P4,2021-10-26,1,94.16,Roupas
P5,2021-10-26,9,2172.96,Livros
P6,2021-10-26,26,1680.98,Móveis
P7,2021-10-26,11,3060.67,Eletrônicos
P8,2021-10-26,11,581.4,Roupas
P9,2021-10-26,16,1862.44,Livros
P10,2021-10-26,7,810.34,Móveis
P1,2021-10-27,10,3956.27,Eletrônicos
P2,2021-10-27,5,1853.53,Eletrônicos
P3,2021-10-27,1,304.11,Roupas
P4,2021-10-27,17,5542.42,Roupas
P5,2021-10-27,24,10096.62,Livros
P6,2021-10-27,20,2598.38,Móveis
P7,2021-10-27,23,10219.47,Eletrônicos
P8,2021-10-27,5,461.14,Roupas
P9,2021-10-27,5,1866.07,Livros
P10,2021-10-27,2,692.01,Móveis
